boomeranged,boats,yo,specialists,boat,building,designs,manufactures,sells,customized,rigid,inflatable,boats,rib,primarily,Baltic,sea,market
contract,covers,turnkey,deliveries,five,airports,operated,authority,john,Kennedy,guardian,Newark,orometer,Stewart,international
Finnish,plumbing,heating,systems,supplier,upon,net,sales,continuing,operations,decreased,rue,MN,eur,mn
exports,accounted,net,sales,representing,time,record,company
two,sellers,Finnish,national,fund,rd,sitar,oars,invest,yo,also,sold,half,shareholdings,leaving,pct,pct,company,respectively
telecoms,foreign,investment,limit,appears,mobile,vas,means,cognomen,pick,much
Lithuanian,beer,makers,sold,million,liters,beer,rise,per,cent,year,earlier,figure,million,liters
sal,comp,manufacturing,yo,pay,rue,million,cash,salcomp,connection,implementation,sale,transfer,business
talent,um,disclose,three,interim,reports,q,January,march,Friday,April,q,april,June,friday,July,q,july,September,friday,October
emissions,credit,EU,traded,underlying,market,value,approx
invention,released,patent,office,said,chambers,pressurized
company,market,share,continued,increase
albata,solution,global,company,engaged,supplier,consumer,business,process,optimization,announced,details,dollars,dinosaurs,program
growth,strongest,secure,operator,sips,mobile,operators,cable,operators,business
jura,haapakoski,continue,editorialize,budget,responsibility,also,new,publisher
service,also,enables,users,watch,emails,HTML,format,en,enhanced,addition,languages,choose
manufacture,cops,undertaken,existing,export,oriented,unit,sou,swarthily,factory,Heliopolis,near,Mumbai
unit,clients,mainly,field,specialist,convenience,goods,well,textile,shoe,furniture,businesses
reductions,concluded,autumn
commission,income,rose,rue,MN,eur,mn
broker,started,upmkymmene,stor,ens,sappy,equal,weight,recommendations,holden,Nynorsk,slog,underweight,ratings
tie,Latvia,represented,services,companies,alienator,valise,tietoenator,operations,industries,financial,services,cards,retail,logistics,outsourcing,managed,services
Swedish,Finnish,danish,listed,companies,organized,three,market,cap,segments,Nordic,large,cap,mid,cap,small,cap
company,split,two,parts,coming,months,assent,owning,operating,production,supply,Nexis,owning,operating,grid
Finnish,elevators,escalators,maker,keno,corporation,said,Tuesday,march,received,major,order,sir,Robert,Alpine,supply,elevators,escalators,watermark,place,project,city,London
based,first,quarter,result,existing,order,backlog,new,order,prospects,company,expects,full,year,sales,contract,gross,margin,stay,healthy,level,operating,profit,margin,lower,due,lower,sales,volume
according,Prussianism,chamber,commerce,major,construction,companies,Finland,operating,Russia
expensive,water,brand,Finland,moment
total,scope,project,square,meters,valued,total,around,mure
report,chapman,pl,CEO,sheikh,westerly
order,related,renewing,network,telecommunications,operator
pilocarpine,expects,consolidation,trend,continue,Finnish,market
January,epic,board,directors,approved,increase,quarterly,dividend,per,share
operating,loss,totaled,rue,MN,compared,profit,eur,mn,corresponding,period
financial,terms,NT,disclosed
total,new,city,con,shares,nominal,value,rue,per,share,subscribed,April,exercising,ABC,options,based,company,stock,option,plan
argentine,agricultural,export,company,califate,tapped,compatriot,firm,Finnegan,software,solution,latter,company,said,statement
upmkymmene,wwwupmkymmenecom,produces,magazine,papers,newsprint,well,fine,specialty,papers,converting,materials,wood,products
continued,actively,focus,rd,position,offering,away,point,solutions,towards,dynamic,endotoxin,solutions,ErvIn,stated
operating,profit,totaled,rue,MN,loss,eur,mn,fourth,quarter
stock,price,rose,ores,close,sech,ending,today,streak,losses
Finnish,scantily,systems,supplier,contract,manufacturer,communications,sector,electronics,industry,reports,net,sales,totaled,rue,MN,first,half,eur,mn,first,half
raisin,divisions,recorded,operating,profit
loti,Angeles,pacific,office,properties,trust,acquires,owns,operates,office,properties,western,us,focusing,initially,markets,Honolulu,San,Diego,los,Angeles,phoenix
facility,settable,area,sq,plot,plant,located,Murasaki,business,park,purchased,city,fossa
defenses,mature,attackers,develop,Trojans,equipped,content,filters,detect,online,banking,activity,capturing,account,details,using,methods,form,grabbing,screen,shots,video,captures,key,logging,injection,form,fields
video,maritime,design,manager,ora,nonstaining,explains,brands,natural,fit,timeless,style
order,intake,grew,yearlong,yearonyear,respectively,rue,million,eur,billion,respective,September,September,periods
according,construction,work,start,spring,facility,commissioned,spring
sellers,oses,innovations,management,group,private,individuals
international,operations,accounted,net,sales
Ramirez,net,sales,second,quarter,ended,June,euro,million,us,million,percent,increase,compared,euro,million,second,quarter,last,year
last,year,net,sales,rose,rue,million,eur,million
needed,provides,also,information,ferry,connections,hotels
recovery,base,metals,prices,increased,demand,metals,china,however
order,also,includes,extensive,maintenance,work,shoe,press,delivered,valuator
according,Finnish,metro,minerals,value,company,orders,gone,rue,Bn,months
stable,outlook,reflects,Nokia,strong,market,position,global,mobile,handset,market,strong,cash,flow,generation,conservative,balance,sheet,said,Saab
Satsuma,trainers,house,remain,names,independent,brands,business,areas
payment,million,litas,interest,long,term,loan,provided,Gujaratis,majority,shareholder,Estonia,el,cow,also,added,losses
company,headquartered,sieve,Finland,listed,Nordic,exchange,Helsinki
according,CEO,match,personae,parent,company,Scan,company,performance,first,quarter,remained,clearly,level,corresponding,period
includes,rue,MN,change,fair,value,investment,properties
riots,arty,tesla,executive,vice,president,said,tekla,structures,archicarp,cover,entire,design,documentation,workflow,throughout,construction,project
earlier,today,Geber,Finnish,rival,upon,joy,cut,full,year,sales,growth,forecast,pct,pct,blaming,tough,conditions,Germany,us,well,currency,factors
aim,develop,open,source,application,solutions
would,huge,process
also,Latvia,act,partner,bakery,customers,production,product,development
group,net,sales,stood,rue,million,employees
solute,pl,announcement,share,repurchase,Helsinki,stock,exchange,solteq,plc,now,holds,total,shares,including,shares,repurchased
carom,headquartered,Tanta,Finland,rents,construction,machinery,equipment,well,rents,sells,modular,space
November,group,sales,totaled,rue,MN,drop,period
process,products,orders,installation,separation,filtration,equipment,three,natural,gas,pipeline,projects,china,south,America,Saudi,Arabia
car,dona,slowed,vehicle,turned,around,returned,intersection,called
Finnish,Menominee,corporation,specialists,wet,wipes,nonwoven,flexible,packaging,reports,net,sales,rue,MN,second,quarter,eur,mn,second,quarter
jar,mo,Hohokam,head,oil,refining,business,sente,oil,says,situation,looks,promising,viewpoint
decision,reflects,underestimation,line,produces,nonwoven,used,medical,wipes,applications,well,automotive,industry
maximum,grade,veneer,yield,calculated,based,dimensions,grades,veneer,products,well,iterating,places,peeling,axes,simulating,peeling,process
operating,profit,rose,rue,MN,eur,mn
expansion,delivered,fourth,quarter
company,profit,totaled,ls
Ruskin,order,book,end,yearlong,quartermaster
Helsinki,October,ssh,communications,security,corp,board,directors,information,please,contact,tom,Alabaman,chairman,tel,distribution,NASDAQ,om,helsinki,ltd
deal,subject,approval,Norwegian,competition,authorities
svyturysutenos,aloes,controlled,Nordic,group,Baltic,beverages,holding,bah,posted,percent,growth,beer,sales,September,million,liters
end,last,week,prolix,bio,therapeutics,inc,amen,pl,published,prospectus,first,offering,amex,share,capital
economic,occupancy,rate,spondaic,property,portfolio,rose
Finnish,forest,machinery,manufacturer,posse,issued,profit,warning
re,pension,insurance,company,re,required,diversify,put,much,one,asset,class
orders,also,include,high,power,drives,control,seismic,compressors
shares,standard,chartered,stein,rose,fest,royal,bank,Scotland,tbs,shares,rose,Barclays,shares,narc,bxs
operating,loss,totaled,rue,MN,compared,profit,eur,mn,second,quarter
thanks,internet,consumers,compare,products,previously,Finnish,companies,competitive
target,company,tie,corporation,business,identity,code,date,change,holding,January,portion,shares,votes,current,group,holding,Coppola,group,central,cooperative,op,shares,represents,shares,voting,rights
price,raw,material,aluminum,went,end,company,considers,outlook,favorable
significant,milestone,benefaction,helping,us,secure,critical,USP,personal,navigation,product,road,map,beyond,commented,Simon,button,chief,technology,officer,benefon
current,year,rate,expects,net,sales,increase,operating,result,positive
ssh,communications,security,corporation,headquartered,Helsinki,Finland
tit,lodged,counter,claims,sente,oil,totaling,mure,primarily,based,work,carried,contract,additional,costs,incurred,due,prolongation,project
financial,statement,first,quarter,Kurilian,reported,discontinued,operations
company,admits,months,relatively,short,time,operating,Russia
net,sales,power,plants,business,rue,million
forum,previously,bought,state,held,stake,Gk,oar,ewes,reform
new,system,include,MC,pads,Motorola,used,pound,stretcher,operatives,across,shifts,integrate,mealtime,company,existing,warehouse,management,system,albata,gold,stock,went,live,may
fore,results,last,quarter,showed,even,faster,improvement,company,managed,better,source,components
according,Nordic,financial,group,demeanor,analyst,sima,emissaries,makes,Nokia,portfolio,competitive
mare,sports,companies,develop,manufacture,technically,advanced,products,improve,performance,active,sports,participants
glassily,antiknock,operating,profit,excluding,nonrecurring,imputed,items,second,quarter,rue,eur,year,ago
prolix,million,cash,sales
Gujaratis,controlled,Finnish,brewery,lvi,achieved,percent,rise,beer,sales,million,liters,held,percent,market,share
headquartered,city,company,nearly,years,old,focuses,science,based,innovation,technology,environmental,measurement
operating,profit,totaled,rue,MN,operating,loss,eur,mn,yearlong
vituline,manufactures,heat,retaining,soapstone,ceramic,fireplaces,well,natural,stone,products,utility,ceramics
pretax,profit,rose,rue,MN,eur,mn,corresponding,period
total,value,agreement,sud,company,said
estimated,annual,value,frame,agreement,rue,MN
borrower,happy,roadshow,paid,hit,ratio,high
rm,raki,starlight,carry,chairman,board,mr,match,artery,vice,chairman
plumbing,business,announced,sponsoring,professional,darts,player
dividend,payable,February,shareholders,record,January
financial,impact,estimated,annual,improvement,rue,division,results,fiscal,year
program,started,summer,originally,estimated,last,approximately,two,years
well,devices,robot,units,testing,mobile,devices
Jon,lifebelt,years,old,holds,master,science,chemical,engineering,Swedish,royal,institute,technology
ocker,crane,supplied,sororate,corporation,golden,eagle,refinery,Martinez,California,similar,crane,delivered,bp,cast,ell,refinery,Spain
earnings,per,share,January,rue,increase,yearlong,eur
reporting,period,company,operating,profit,grew,rue,million
sellers,include,shareholders,including,intelligible,management,employees,investors
Extremadura,operating,retail,chain,stores,controlled,Finnish,nonfood,center,KY,Truk,yo,scantness,oy
split,number,shares,number,shares
tanks,delivered,company,currently,building,chemical,tank,farm,Antwerp,northern,Belgium
operating,profit,decreased,nearly,rue,MN,however
efficiency,improvement,measures,January,Finnish,stationery,gift,retailer,Maritimer,Hel,ti,iv,said,today,continue,improve,operational,efficiency,focusing,profitable,core,operations
subscribers,china,uni,com,nation,second,largest,mobile,phone,operator,china,mobile,expected,release,pictures,videos,blog,internet,via,mobile,phones,march
Finnish,construction,group,tit,awarded,contract,install,heating,air,conditioning,cooling,systems,new,head,office,automobile,association,ad,ac,Munich,Germany
Finnish,company,previously,said,operating,result,lower,breakeven,posted,year,earlier
plants,ground,continue,grow,success,garden,lies,well,maintained
total,surveillance,cameras,handled,managed,according,variety,needs,company,said
method,smelt,spouts,separated,working,area,shielding,wall,arranged,movable,relation,smelt,spouts
growth,net,sales,first,half,compared,first,half
profit,accounting,period,rue,MN
pretax,profit,group,life,insurance,business,increased,mure,eurm
name,buyer,disclosed
preliminary,estimation,technology,park,measure,square,meters
operating,profit,rose,rue,MN,eur,mn,corresponding,period
deal,know,pay,sem,sud,mure,cash,stock
Motorola,accounted,percent,south,Korean,handset,market,end,April,Samsung,held,percent,lg,electronics,percent,according,freebased,atlas,research,group
company,closed,last,year,turnover,four,million,euros
almost,two,thirds,lvi,net,sales,come,outside,Finland
may,companionableness,delivered,newscast,report,provides,key,data,information,meat,fish,poultry,market,Finland
Finnish,investment,group,investigator,joy,said,net,profit,fell,ml,euro,mln,mln,euro,mln
audio,webcast,available,live,archived,corner,web,site,overconcern
estimated,turnover,new,company,lv,million,eek,million
outvote,scope,delivery,includes,design,basic,engineering,supply,proprietary,equipment,sinter,plant,grate,area,square,meters
newspeak,esp,Finnish,silicon,wafers,maker,memetic,joy,Hel,OK,said,reduce,number,clerical,workers,worldwide,result,personnel,negotiations,completed,today
affect,provide,new,fie,data,warehouse,reporting,solution,behavioral,scoring,system,supporting,operational,decision,processes,data,migration,old,legacy,systems,new,efi,system
office,space,rise,remodeled,cannon,street,underground,station
order,valued,sud
brassware,order,matching,automatically,matches,purchase,invoices,approved,purchase,orders
previously,company,guided,bit,sales,growth,pct,pct,respectively,year
rap,ala,vac,corporation,rapala,leading,fishing,tackle,sporting,goods,manufacturer,distributor,main,owner,peptone,shareholding
burin,says,expects,chapman,announce,additional,transactions
earnings,per,share,pes,seen,rue,eur
Okhotsk,center,area,expected,square,meters,office,premises
Lt,operative,Finland,Sweden,Latvia,Russia,Norway
proa,pl,euro,next,announced,today,may,fully,owned,subsidiary,saran,software,solutions,agreed,sell,share,safran,north,America,ll,ans,holding,investment,group,based,Norway
Alexandria,VA,oct,markka,saneness,herald,Karajan,Helsinki,Finland,jura,salmonella,Kassala,finland,art,plain,vii,ala,finland,developed,system,providing,communications,security
sale,savor,face,cen,corp,result,profit,loss,yet,determined,owing,factors,including,valuation,consideration,shares,received,prevailing,exchange,rates
value,order,nearly,mure
q,company,result,taxes,continuing,operations,excluding,nonrecurring,items,totaled,rue,MN,compared,eur,mn,corresponding,period
want,credit,card,info,personal,details
consumption,forecast,grow
reconnoiter,convergent,charging,solution,includes,functionality,prepaid,postpaid,billing,charging,rating,voice,calls,video,calls,raw,data,traffic,mobile,fixed,networks
building,complex,consists,high,quality,office,retail,space,totaling,square,meters,company,said
ecu,mainly,target,inflation
quality,chargers,charge,brand,sold,selected,retail,stores,sales,locations,worldwide
turbines,expected,launched,end
February,Finnish,broadband,data,communication,systems,provider,Celeste,joy,Hel,Tl,said,Wednesday,net,profit,rocketed,rue,eur,lifted,dividend,proposal
scantily,expects,net,sales,remain,level
contract,covers,supply,temporary,heating,equipment,lab,new,pellet,plant,Kiruna,northern,Sweden
company,specialists,temporary,electrification,heating,construction,sites
Elisa,said,mobile,subscriptions,grew,percent,mainly,customers,adopting,called,third,generation,mobile,technology
notice,entirety,proposals,nomination,committee,board,published,least,four,weeks,April,company,website,post,och,shrikes,gardening,dag,ens,industry
metro,delivery,include,complete,coated,board,line,related,air,systems,two,winders
one,head,boxes,equipped,modern,consistency,control,system,ensure,cross,machine,profile,plasterboard,company,said,statement,received,salesroom,network
speakerphone,joy,world,leading,manufacturer,genuine,wooden,homes,sponsoring,Finnish,cross,country,skier,virgin,iTunes,next,three,years
halogen,office,acknowledged,receiving,letter,declined,comment
company,enhance,prs,capability,existing,idea,telecoms,service,areas,add,service,areas,network
come,decision,based,preliminary,economic,operational,environmental,findings,Karenina,said
expected,online
solidi,um,now,holds,per,cent,shares,solidium,yo,acquired,per,cent,shares,tie,corporation,approximately,rue,million
offices,worldwide,pct,net,sales,generated,outside,Finland
airline,estimated,cancellation,flights,due,closure,European,airspace,process,recommencing,traffic,caused,company,loss,mure,including,costs,stranded,passengers,accommodation
sal,comp,joy,Finnish,maker,mobile,phone,chargers,Monday,posted,rue,million,loss,second,quarter,compared,million,profit,period,previous,year
investment,management,investment,advisory,services,company,sole,line,business
net,sales,totaled,rue,MN,eur,mn,corresponding,period
maximum,new,shares,subscribed,exercising,options,stock,option,plan
work,assignment,already,started,due,completion,spring
repurchase,bonds,executed,open,market,accordance,section,terms,conditions,convertible,bonds
Sweden,galleria,accumulated,sech,denominated,sales,rue,denominated,sales
profitability,bit,compared,previous,year,period
rap,ala,aims,move,distribution,unit,argot,clouded,Bretagne,distribution,unit,water,queen,fishing,line,supplier,torte,saint,marcel,central,France,Villahermosa
proposed,consolidation,activities,impact,approximately,positions
euro,chem,head,corporate,finance,Alexander,Navratilova,said,pleased,confirmed,eurochem,able,attract,long,term,funds,attractive,rates
fl,group,private,equity,division,manages,operating,companies,including,Icelander,group,fl,travel,group,bluebird,sterling
Finnish,property,investment,company,city,con,plans,issue,directed,subordinated,convertible,bonds,institutional,investors
number,collection,errors,fell,considerably,operations,seeded
new,types,network,elements,added,network,conversion,file,updated,adding,information,required,converting,message,format,new,network,element,type,format,understood,management,system
rap,ala,estimates,net,sales,increase,pct,pct,assuming,exchange,rates
decisions,made,quickly,possible
sandbank,shares,hardest,hit,Swedish,banks,ongoing,international,financial,crisis
based,Helsinki,Finland,Ramirez,branches,Nordic,central,eastern,European,countries
Doppler,members,share,personal,business,travel,plans,privately,networks,highlight,interesting,places,stay,eat,explore,cities,around,world
original,name,components,ml,subsidiary,Finnish,componenta,group,changed,ml,components,company,seen,growth,q,comparison,q
revivalist,mining,company,pl,talvivaara,mining,company,internationally,significant,base,metals,producer,primary,focus,nickel,zinc,using,technology,known,pleaching,extract,metals,ore
transaction,agreement,salinometer,purchase,metabolism,shares,ump,meal
rm,Walden,mr,Ignatius,responsible,also,newspapers,business,result
contract,includes,heating,plant,equipment,associated,installation,work
total,revivalist,mining,company,pl,new,shares,subscribed,period,may,June,company,stock,option,rights
addition,vituline,corporation,also,currently,member,board,following,companies,Alsatia,corporation,servicewomen,ports,ostentatious,osuuskunta,key,profile,vehicles,yo,matelote,oy
asset,management,experts,manage,assets,worth,rue,billion
creating,interfaces,similar,interactions,real,world,enable,experiences,natural,intuitive,way,modern,games,movies,immersive,use,realistic,d,graphics
first,stage,contract,covers,stores,cash,registers
noma,also,executive,committee,accordance,company,articles,association,prepares,proposals,matters,decided,noted,board,directors
emirate,headquartered,Helsinki,Finland,international,chemicals,group,comprising,business,areas,kemira,pulp,paper,kemira,water,kemira,specialty,kemira,coatings
kaukotelko,centralized,administration,dissolved,appropriate,parts,transferred,operating,activities,group,administration,end,year
issues,identified,stone,soft,affect,range,content,inspection,technology
Finnish,publisher,lama,media,Hel,Alvin,said,Wednesday,decided,extend,rue,sud,apiece,mandatory,tender,offer,media,group,talent,um,hel,Tm,started,august,November
board,directors,proposed,extraordinary,general,meeting,authorize,board,decide,issuance,maximum,MN,new,shares,one,share,issues
also,cab,issue,benchmark,year,fixed,rate,deal,euros
casing,comprises,first,side,casing,member,provided,first,side,vat,segment,second,side,casing,member,provided,second,side,vat,segment,least,first,side,casing,member,pivot,able,rotation,axis
official,opening,office,located,Prague,celebrated,may
hawker,takes,position,immediate,effect,previous,role,marketing,manager,Sankhya,home,garden,products
stone,soft,sees,great,promise,future,iv
outsourced,scan,capture,solutions,transfer,paper,invoices,electronic,format,brassware,business,transactions,service,allows,customer,receive,send,invoices,electronic,format
nonrecurring,items,rue,MN,profit,amounted,eur,mn
implementation,project,carried,Finnish,company,tit,association,investment,fund,evil,property,investment,Russia,epee
financial,details,transaction,disclosed
turnover,rose,mure,eurm
square,meter,technology,center,located,near,university,tempera,central,tampere
authorization,force,period,months,resolution,general,meeting
stock,hit,profit,warning,Finnish,rival,autarkic,joy,om,stirks
sente,shipping,likely,remain,Finnish,oil,sector,transports,significant,emergency,supply
candor,ab,Acadian,ss,fell,percent,kronor,lowest,close,since,dec
addition,fireplace,exports,demand,lining,stone,exceeded,level,earlier,part,year,continue,clearly,brisker,remainder,year
inventor,issued,us,patent
main,strength,cooperation,project,lies,merging,knowhow,two,large,companies
bovine,slaughtering,cutting,Kuopio,facility,transferred,kinkajou,slaughterhouse
sinter,plant,limestone,coke,breeze,mixed,iron,ore,concentrate,sintered,lump,form,sinter,use,blast,furnaces,raw,material,iron,making
project,also,implies,underground,parking,lot,vehicles
revivalist,also,maintains,assumption,turning,cash,flow,positive,year,end
fourth,quarter,net,sales,increased,rue,MN,eur,mn,fourth,quarter
figure,includes,change,fair,value,property,portfolio,rue,million
employees,also,better,prepared,answer,calls,since,already,detailed,information,caller,answer,phone
Estonian,telecoms,company,Elisa,customer,numbers,cross,Tallinn,oct,bens,estonian,telecommunications,company,elisa,won,approximately,new,clients,nine,months,year,bringing,number,end,September,company,said
serviceableness,especially,developed,use,communities,organizations
seven,month,sales,Gujaratis,controlled,Finnish,brewery,lvi,declined,percent,million,liters,company,held,percent,market
bond,value,mure,maturity,years
rm,Kristine,joins,Nokia,siemens,networks,held,various,senior,sales,management,business,development,positions,since
customers,include,companies,energy,process,industry,sectors,particular
sale,allow,camporee,focus,recently,announced,takeover,group,smith,field,holdings,European,unit,smithfield,foods,inc,sgd,us
sale,comprising,margarine,business,Finland,Poland,follows,approval,polish,competition,authorities,earlier,October
net,investment,income
eel,board,directors,propose,dividend,euro,per,share,annual,general,meeting,April
operating,profit,net,sales,six,month,period,increased,respectively,rue,eur,compared,corresponding,period
please,inform,IR,Johanna,kookiness,participation,later,April,telephone,conference,financial,analysts,investors,conducted,english,begin,pm,Finnish,time
production,plant,based,sente,oil,proprietary,technology,use,flexible,input,vegetable,oil,animal,fat
overall,re,pleased,startup,curve,re,pleased,quality,paper,stor,spokeswoman,Patricia,diet,said,Tuesday
almost,entire,office,building,occupied,metro
construction,volumes,meanwhile,grow,rate,percent,annually
completed,meter,watchtower,highest,building,Ireland
according,report,Elisa,DNA,joint,market,share,Finland,telecoms,market
noma,announced,stock,option,scheme,December
operating,profit,net,sales,nine,month,period,increased,respectively,compared,corresponding,period
result,transaction,noma,Budapest,acquired,stake,online,store,egeszsegbolt
profit,taxes,decreased,rue,MN,eur,mn,year
stead,based,soft,drink,usual,tho,energy,drink,made,fresh,water
according,Katharine,Coppola,exciting,enterprise,cooperation,bring,huge,opportunities,customers,company
markets,almost,completely,controlled,three,banks,demeanor,op,bank,group,campo
around,reductions,implemented,pension,arrangements
annual,report,contains,financial,statements,consolidated,financial,statements,report,board,directors,auditor,report
electricity,requirement,networks,grow,new,mobile,generation
Nokia,messaging,enables,customers,receive,emails,email,accounts,mobile,phone,supporting,pop,imp,email,services
Finnish,lifting,equipment,maker,keno,joy,said,October,won,order,worth,ml,euro,mln,deliver,total,custom,designed,elevators,Norwegian,shipbuilder,akee,yards,Asa
previous,offer,voting,rights,capital
include,software,development,internet,mobile,telephone,content,communications,value,added,software,financial,services,security,applications,systems,integration,electronics,bred,informed
Russian,media,ventures,minority,shareholder,peter,herby,denied,plans,sell,ova,press,daily,said
reporting,period,bootie,north,American,licensing,partner,som,axon,pharmaceuticals,announced,positive,results,signalmen,pilot,phase,clinical,trial,smoking,cessation
also,turned,earnings,per,share,pes,rue,versus,loss,per,share,eur
ministry,water,Tanzania,awarded,porphyry,water,sanitation,engineering,assignment,rehabilitation,extension,water,supply,sanitation,infrastructure,Bukovina,mu,soma,situated,lake,victoria,northern,tanzania
Finnish,glass,technology,group,gladstone,corporation,om,Helsinki,lav,reported,Thursday,august,operating,profit,rue,net,sales,eur,period,September
comparable,operating,profit,decreased,rue,MN,eur,mn,corresponding,period
Odell,contacted,state,Finland,issue
newly,completed,allure,seas,identical,sister,ship,oasis,seas,completed,last,year,world,largest,cruise,ships
cost,deal,could,range,million,million,euros,depending,financial,results,two,companies,statement,says
stor,ens,business,north,America,annual,capacity,million,tons,employs,people
currently,operates,fleet,eight,carriers,well,nine,pushers,barges
formation,Nokia,noted,established,interoperability,agreements,cover,commercially,proven,standards,based,management,mobile,devices,well,mobile,device,security,mobile,application,management
gean,ford,struggling,face,slowing,truck,SUV,sales,surfeit,update,gotta,cars
stannary,also,agreed,supply,revivalist,tonnes,sulfuric,acid,per,annul,use,talvivaara,leaching,process,period,supply,zinc,concentrate
memetic,closed,plant,Espoo,early,production,lines,site,moved,okmetic,plants,Tanta,Finland,taxes,USA
company,pledged,new,software,would,render,emails,documents,much,appear,desktop,computers
firm,services,include,copying,printing,modeling,digital,printing,scanning,Sokotra,project,bank,courier,services
FCC,chairman,Kevin,martin,said,fair,play,required,extending,deregulatory,rules,digital,subscriber,lines,telecoms,providers,use,broadband,networks
new,activity,incur,investment,mure
uncap,expects,revenue,rue,million
operating,profit,totaled,rue,MN,eur,mn,corresponding,period
board,established,remuneration,committee,following,members,sari,baldfaced,chairman,patio,kachina,sheikh,westerly,addition,board,decided,appoint,nomination,committee,later,stage
rareness,mobile,Europe,ltd,approximately,employees,Oulu
repair,maintenance,business,accounted,net,sales,rue,MN,eur,mn
demand,fireplace,products,lower,expected,especially,Germany
company,distributes,hi,ab,products,well,products
showcase,endotoxin,capabilities,mobile,world,congress,arranged,internal,ego,application,development,competition,entice,developers,create,new,applications
operating,profit,improved,rue,MN,eur,mn
hosting,mobile,terminal,guides,information,flow,participating,terminals,optionally,network,servers,may,assist,hosting,mobile,terminal
nevertheless,development,allowed,ruin,print,newspaper,continues,noma,news,main,medium
corresponds,percent,memetic,share,capital,voting,rights
company,board,directors,propose,dividend,rue,per,share,annual,general,meeting,scheduled,held,march
company,profit,totaled,ls,h,yearlong
operating,profit,fell,rue,MN,eur,mn,third,quarter
Motorola,inc,united,states,came,second,shipments,million,units,percent,market,share,followed,south,chorea,Samsung,electronics,co,shipments,million,units,percent,share
period,sales,dropped,rue,million,eur,million,according,interim,report,released,today
webmaster,application,handles,invitations,quote,quote,comparisons,agreements,purchases,invoice,inspections,inventory,management,deliveries
customers,wave,cards,front,reader,make,payments,similar,touch,go,cards,used,transport,systems
operating,profit,rue,MN,eur,mn
name,newspaper,publishing,printing,division,noma,changed,sanoma,news
according,Sweden,minister,local,government,financial,markets,mats,Odell,decision,sell,state,shares,telecoms,group,Aristotelian,carried,cooperation,state,Finland
fair,value,company,investment,properties,went,rue,Bn,end,September,eur,bn,year,earlier
activities,range,development,natural,resources,retailed,marketing,finished,products
previously,projected,figure,slightly,lower
albata,solution,joy,Thomas,hoer,CFO,information,aldata,solution,oyj,thomas,hoyer,cfo,tel,aldata,brief,aldata,solution,one,global,leaders,supply,chain,software,retail,wholesale,logistics,companies
Stockholm,demeanor,bank,stew,said,yesterday,hired,Casper,con,skull,lead,corporate,merchant,banking,capital,markets,unit,effective,September
names,yet,released
humankind,joy,stock,exchange,release,huhtamaki,capital,markets,day,institutional,investors,analysts,held,Espoo,September,starting,pm,Finnish,time
atria,also,buy,shares,kauhajoen,teurastamokiinteistot,yo,kinkajou,slaughterhouse,property,swastika,cooperative
trade,accordance,agreement,announced,march
altogether,financier,canceled,flights,strike
company,exported,twenty,European,countries,well,Africa
product,portfolio,comprises,harvesters,forwarders,harvester,heads,well,cranes,loaders
net,interest,income,increased,rue,MN,eur,mn
rm,kr,Samantha,appointed,managing,director,uncap,contract,manufacturing,services,pvt,ltd
romeo,twosome,employs,expects,net,sales,ml,euro,mln,fiscal,ending,April
insurance,policies,simple
provide,heating,form,hot,water,sawmill,needs
construction,project,scheduled,start,second,quarter,new,building,scheduled,place,end
brassware,invoice,processing,basware,contract,matching,basware,order,matching,basware,kip,reporting,tool,part,basware,enterprise,purchase,pay,product,suite
annual,report,sent,automatically,shareholders,holding,least,campo,pl,shares
Europe,needs,new,large,paper,machines
dirk,Jones,head,financial,institutions,client,sales,management,stg,Citigroup,inc,said,cit,extremely,pleased,providing,global,custody,services,polacca,group,bank
Adams,establishes,global,sales,marketing,group,drive,worldwide,programs,supporting,ssh,eutectic,enterprise,security,solutions
Finnish,government,announced,Wednesday,sold,percent,stake,chemicals,fertilizer,group,emirate,joy,ac,million,us,million,sending,company,share,price,percent
replay,available,October,following,numbers,us,callers,nouns,callers,access,code
objective,st,Petersburg,office,first,boost,company,maintenance,business
storefront,gds,Suez,company,dedicated,underground,storage,natural,gas
alpha,group,voting,stock,new,company,tenorite,free,float
aero,katabatic,currently,group,vice,president,human,resources,take,yearlong,sabbatical,starting,October
net,income,life,insurance,doubled,rue,MN,eur,mn,net,income,non,life,insurance,rose,eur,mn,eur,mn,corresponding,period
estimated,consolidated,turnover,Augusta,guider,reach,Lt,MN,us,mn,rue,mn
hull,vessel,built,one,block,time,Ruskin,delivered,plate,material,block,construction,progressed
conference,call,participate,via,conference,call,please,dial,minutes,beginning,event,Europe,USA
Finland,launch,tiepin,sales,g,mobile,phones,cause,dramatic,rush,mobile,retail,outlets,first,days
unit,costs,flight,operations,fell,percent
Bertrand,scabbard,vice,chairman,board,directors,albata,solution,since,April
cognomen,solution,used,prepaid,postpaid,billing,charging,rating,voice,video,calls,data,traffic,kind,content,services,mobile,fixed,networks
insurance,division,turned,mure,profit
Finnish,food,industry,company,linen,testate,planning,changes,fish,product,business
aim,CEO,QA,sessions,give,clarity,information,made,public,already,earlier
soon,collisions,started
difference,explained,fact,two,shipping,companies,stopped,operating,gulf,Finland
biggest,sellers,chain,supermarkets,Finland,organic,pika,tomatoes,carrots,eggs,meat,products
first,quarter,underlying,operating,profit,rose,ml,rue,mln,year,earlier
sales,Finland,decreased,international,sales,decreased,terms,euros,terms,local,currencies
total,floor,area,plant,expansion,square,meters
profit,period,rue,MN,compared,eur,mn
value,multiyear,agreement,rue,MN,year
operating,profit,quarter,perilune,amounted,rue,net,sales,eur
Finland,hobby,hall,sales,decreased,international,sales,fell
marketing,use,Kurilian,existing,infra,structure,local,knowledge,Russia
blk,launching,first,UK,market,mid,markets,follow
Maelstrom,share,quoted,NASDAQ,om,Helsinki
net,profit,period,euro,million
potential,acquirer,cen,corp,corporation,related,entity,vas,owing,sav,cencorp,subsidiary,Finnish,savor,group,yo
absolute,bank,exploring,possibility,borrowing
company,presently,examining,whether,project,would,financially,feasible
group,posted,net,sales,ml,euro,mln,operating,profit,euro,mln
devices,would,launched,Chinese,market,late,company,said
earnings,per,share,pes,amounted,rue,eur
group,loyal,customer,magazine,yhteishyv,came,second,readers,noma,corporation,daily,newspaper,Helsinki,Sarmatian,third,readers
emirate,partner,project,st,Petersburg,water,works
Finnish,software,company,qr,software,pl,om,Helsinki,perv,reported,Thursday,October,operating,profit,rue,net,sales,eur,third,quarter
investments,operational,changes,enable,additional,optimization,working,hours,thereby,cost,savings
servicewomen,ports,also,planning,reduce,use,sodium,nitrite
contract,includes,software,licenses,application,maintenance,training
following,payment,made,April,company,total,rue,million,loans,financial,institutions
finesses,estimated,annual,general,meeting,financially,tough,year,due,large,investments
lollipop,alien,appointed,chairman,erk,ki,photoneutron,vice,chairman,board
systematist,sales,project,resources,also,strengthened,director,Paul,Kornberg,said
profit,taxes,decreased,rue,MN,first,nine,months,compared,eur,mn,year,earlier
months,ago,tea,vice,chairman,fillip,frost,marathon,venture,capital,fund,tache,mara,sold,prolix,shares
pretax,profit,jumped,rue,million,eur,million
combined,value,orders,rue,MN
shares,subscribed,eligible,trade,following,day,registration
operating,profit,rose,rue,MN,eur,mn,corresponding,period
polacca,cooperative,banks,continued,combine,branch,office,network
report,examines,medical,equipment,business,structure,operations,history,products,provides,analysis,key,medical,equipment,revenue,lines
company,employees,annual,turnover,rue,valuator,group,listed,Nordic,exchange,Helsinki
Helsinki,fax,carom,said,agreed,sell,cramo,Netherlander,vb,cml,dutch,machinery,equipment,rental,unit,Aston,grope,undisclosed,sum
bank,leasing,arm,demeanor,liaising,ended,year,profit,million,euros
ISO,certification,demonstrates,moving,forward,quality,commitments,customers
megawatt,wind,farm,planned,rathe,would,built,offshore,front,Ruskin,raahe,works
share,transactions,part,company,strategy,relinquishing,assets,part,core,business
market,making,accordance,agreement,begin,September
com,possibly,also,photom
January,Finnish,flag,carrier,financier,joy,Hel,fiats,said,today,sealed,nine,year,sale,leaseback,agreement,newest,airbus,aircraft,syndication,Japanese,operating,lease,market
Sharon,net,sales,million,debit,million
point,spread,also,Iran,Iraq
food,trade,sales,amounted,rue,decline
paper,mill,central,amine,town,Madison,soon,new,owner
initial,estimated,total,value,rue,final,award,value,eur
net,sales,revenue,per,passenger,expected,increase
fixed,acquisition,price,amounts,approximately,rue,million,additional,price,nok,eur,million,maximum
noma,news,advertising,sales,decreased,year
Stokes,offers,Hilton,open,hotel,Kalinin,prospect,square,meters,building,difficulties
rally,authorized,city,administration,consulate,official,came,workers,spoke,took,letter
annual,general,meeting,approved,yearly,remuneration,members,board,directors,shall,remain,rue,chairman,board,eur,deputy,chairman,board,eur,members,board
measures,result,statutory,joint,negotiations,employees,started,February,concerned,operations,country
lama,media,corporation,press,release,march,tyrant,Sarmatian,purchase,confirmed,business,operations,tyrvn,sanomat,yo,transferred,superwomen,onomatopoeically,oy
neither,companies,use,genetically,engineered,soy,moment
six,agreements,company,first,customer,acquisitions,India,since,taking,tbs,electronics,contract,manufacturing,facility,jun
payment,date,march
pretax,profit,rose,rue,MN,eur,mn
bank,posted,net,profit,Lt,MN
aim,annual,improvement,Ruskin,construction,operating,profit,rue,million,sud,starting
economic,development,trade,ministry,industry,energy,ministry,along,Kostroma,regional,administration,Russian,lumberman,timber,exporters,union,carrying,work,acquire,investment,construction,pulp,paper,mill,ne,ya,since
company,reportedly,searching,replacement,CEO,lollipop,Kalashnikov
runway,visual,range,calculated,assessment,distance,pilot,see,runway
number,customers,one,important,parameters,determining,price,electricity,networks
amount,included,pensionable,salary
filter,used,reprocess,packets,determine,need,processed,processor,network,device
following,increase,company,TM,capital,totals,ml,Romanian,lei,mln,mln,euro
action,follows,personnel,negotiations,concerning,coquelicot,SE,Finnish,branch,elcoteq,Finland,yo,elcoteq,design,center,oy
payment,shares,shall,effected,subscription
time,profit,company,increased,h,reached,ls
demeanor,cheapest,also,couple,debt
apart,demeanor,also,ergo,competing,position,among,top,three,pension,funds,providers,Estonia
Finnish,rate,precision,supplies,weighing,dosing,systems,plants,changing,name,lathi,precision
contract,allotted,per,lowest,price,criteria
ISO,omens,based,alkylation,district,southern,part,city,Espoo,southern,Finland
lateen,America,currently,accounts,approximately,sales,reconnoiter,company,president,CEO,aero,manometer,recently,told,Americas
ADP,news,Nov,Finnish,printed,circuit,board,PCB,maker,compass,group,joy,om,actg,said,today,net,loss,narrowed,rue,million,sud,first,nine,months,eur
diluted,earnings,per,share,pes,declined,rue,eur
financial,information,provided
merger,ump,finished,stor,ens,likely,either
sandbank,hypotenuse,issue,benchmark,fixed,rate,covered,deal,euros,maturing,January
Orion,net,profit,third,quarter,decreased,ml,euro,mln,mln,euro,mln,year,earlier
operating,profit,net,sales,six,month,period,increased,respectively,rue,eur,compared,corresponding,period
net,sales,decreased,rue,million,eur,million
talks,involved,food,ingredients,divisions,well,group,service,functions,company,said
savings,full,impact,beginning
inventors,ridge,Justin,boa,Anglian,Sienkiewicz,Marta
ump,talking,Mykolayiv,creditor,banks,demeanor,stew,Nordic,investment,bank,Gdansk,bank,cf,danske,campo,bank,deal,paper,said
July,market,cap,segments,updated,according,average,price,may
Surabaja,dulia,block,bone,sue,court,saccule,city,north,side,started,vehicle,went,inside,house,Tuesday,leaving,garage,door,open
demeanor,bank,Estonia,part,largest,financial,group,Nordic,countries
pertinent,emphasizes,internet,contents,media,houses,provide,free,forever
tightened,competition,situation,production,automation,market,affected,net,sales,cen,corp,said
fine,print
public,services,also,available
price,kroon,par,value,bonds,kroon,primary,issue
company,said,observed,current,stabilization,prices,potential,higher,prices,deliveries,first,quarter
recent,interview,financial,times,ft,campo,board,chairman,born,wahoos,said,pc,certainly,sale,price,set,sech,billion,confirming,earlier,statements
deal,includes,entire,personnel,plan,mill,yo,transfer,new,company,called,old,employees
valet,automotive,reports,net,sales,rue,MN,operating,profit,eur,mn
Finnish,lifting,equipment,maker,crankiness,joy,said,July,net,profit,rose,ml,euro,mln,first,half,mln,euro,mln,period
net,income,life,insurance,rose,rue,MN,eur,mn,net,income,non,life,insurance,eur,mn,eur,mn
operating,profit,decreased,rue,MN,eur,mn
employer,together,health,personnel,supports,quitting,pays,part,cost,nicotine,treatments
performance,based,values,sustainability
takeover,carom,become,second,largest,rental,services,provider,Latvian,market
tower,engineers,created,degree,westward,lean,four,times,inclination,leaning,tower,psia,using,diag,rid,structures,aligned,geometrically,using,tesla,structures,Bim,building,information,modeling,software
national,sponsors,big,read,include,national,endowment,arts,cooperation,institute,museum,library,services,arts,Midwest
options,might,include,partial,total,divestment,shareholdings,Slovak
order,included,metro,fourth,quarter,order,backlog
inventors,blander,john,pontes,Fredrick,Lindbergh,morgen
Amanda,capital,investments,private,equity,funds,unquoted,companies,mainly,Europe
inlet,atom,processor,tremendous,success,marketplace,since,launch,years,ago,said,spank,media,director,global,ecosystem,programs,intel,corp,ultra,mobility,group
process,technology,project,management,basic,engineering,quality,assurance,within,forest,industry,consolidated,Tanta,southern,Finland
second,quarter,net,sales,expected,par,first,quarter
report,emailed,within,business,days,order
earnings,per,share,pes,decreased,rue,eur
complete,name,shareholder,otto,Henrik,Bernhard,Nurnberg,information,amount,shares,now,transferred,corresponds,total,number,shares,asp,pl
huge,bridge,girders,delivered,site,plant,lividness,Finland
location,makes,mall,convenient,place,shop,consumers,three,large,residential,areas,nearby,jarosite,Rockies,goody
size,cider,bottle,remain,unchanged
risk,exposure,non,life,insurance,moving,month,expenses,function,nonlife,insurance,excluding,expenses,investment,management,expenses,services,rendered,nonlife,insurance,investment,portfolio,allocation
time,Nokia,India,largest,enc,sought,topic,could,spark,million,approaches,creativity,emerging,markets
MN,pretax,profit,rue,mn,eur,mn,third,quarter
porphyry,net,sales,amounted,rue,million,employs,experts
estimated,value,contract,rue,Valais,headquartered,Helsinki,Finland,develops,manufactures,electronic,measurement,systems,meteorology,environmental,sciences,traffic,industry
Estonia,agriculture,minister,Thorvaldsen,seeder,Finland,today,visit,course,meet,Finnish,counterpart,silkaline,Antillean
