Primeros 10 caracteres,lP en P,lP en N,lP en T,Clasificaci√≥n
according ,63.88,46.94,60.66,P
operating ,60.45,61.36,80.0,N
combined a,57.64,45.53,51.15,P
operating ,45.89,61.99,38.38,N
sf april b,119.56,62.88,81.94,P
ge buildin,35.42,45.2,68.36,N
operating ,70.97,77.59,74.12,N
network te,97.41,90.28,105.36,N
dealers sa,125.82,193.46,142.0,N
stockholm ,70.29,41.75,88.63,N
cen corp w,78.77,49.94,67.69,P
peg becham,73.33,65.08,200.1,N
segment an,33.72,30.88,36.2,N
result sta,43.62,28.84,69.89,N
deliveries,43.5,7.78,40.75,P
ember said,54.9,50.41,130.44,N
vet monday,96.94,50.07,52.32,P
could us t,15.64,18.97,22.82,N
power gene,43.99,21.3,53.31,N
finland li,109.6,80.85,108.21,P
addition e,58.35,47.26,91.4,N
pes quarte,83.4,89.72,97.86,N
sales sepa,15.53,33.37,16.78,N
october fi,149.2,161.89,132.05,N
pleased ef,74.03,7.78,59.82,P
vital says,64.76,31.88,114.24,N
net sales ,49.58,55.02,54.23,N
treatment ,108.74,63.56,145.05,N
company de,86.3,42.74,149.5,N
market sha,36.8,41.45,32.58,N
total capi,54.84,61.62,56.81,N
tough void,37.5,23.04,103.95,N
market sha,41.73,39.23,40.88,P
addition s,100.27,36.49,128.31,N
operating ,28.77,27.07,39.45,N
tool paten,37.39,23.44,115.61,N
czech repu,89.58,69.84,130.11,N
spondaic p,66.81,40.66,65.71,P
dinner con,20.11,14.31,75.87,N
mare sport,53.63,31.07,106.18,N
refining m,50.98,28.86,41.12,P
countrywom,38.71,7.09,114.37,N
export dec,22.12,33.41,33.44,N
authorizat,72.06,75.12,102.58,N
according ,77.23,42.78,104.97,N
original p,19.73,5.64,32.22,N
cargo volu,19.24,14.49,13.7,P
interchang,28.83,15.82,74.23,N
estonian e,59.57,76.27,72.42,N
newspeak d,146.69,176.99,147.49,N
harold you,57.84,21.37,149.48,N
maximum nu,22.32,25.43,32.47,N
donations ,33.04,18.82,105.77,N
store loca,35.02,19.91,67.44,N
decision f,44.5,40.35,94.07,N
finland na,102.54,95.76,97.94,P
joins tech,93.52,64.98,119.39,N
net sales ,56.98,34.19,54.0,P
lowering p,124.16,58.09,104.15,P
company al,31.61,27.36,100.09,N
company in,89.17,62.33,101.69,N
femininene,40.47,46.63,66.48,N
solution i,49.13,29.69,52.09,N
include so,86.95,78.53,105.45,N
maritime g,42.52,33.22,44.24,N
selling co,124.84,98.56,120.16,P
june sold ,58.71,55.45,85.09,N
agreement ,28.37,14.72,56.78,N
second qua,49.42,50.27,59.13,N
acquisitio,56.29,33.52,55.64,P
hearts abl,56.96,21.37,39.17,P
tall ink s,111.45,185.5,108.27,N
thanks mul,111.25,38.42,92.5,P
earnings p,63.83,65.61,58.09,N
changes ta,55.88,59.48,49.88,N
brassware ,99.94,61.54,132.94,N
group reve,40.02,34.71,47.05,N
nova build,73.21,53.39,134.0,N
chs expo f,52.2,39.43,121.11,N
therefore ,94.84,47.52,77.9,P
digit said,43.73,40.65,48.83,N
number mag,21.69,22.93,42.0,N
group orde,30.33,26.98,31.29,N
commission,89.74,30.67,49.79,P
another fi,35.12,21.37,48.65,N
facility u,43.87,25.2,59.55,N
qr process,21.44,7.78,27.82,N
china base,136.94,72.42,114.61,P
metal gain,60.93,32.56,61.19,N
kiosk cine,4.75,38.13,12.56,N
hi move en,27.0,14.49,29.93,N
finnish in,106.84,99.87,137.2,N
budapest a,108.83,192.32,140.42,N
one larges,80.24,61.83,94.52,N
expenditur,103.18,61.89,181.72,N
respondent,58.19,12.08,18.36,P
measures r,33.15,41.93,26.99,N
rap ala fi,21.21,0.25,29.31,N
ground bar,28.92,29.74,52.64,N
company sh,40.96,50.68,53.11,N
demand spo,25.01,22.19,28.34,N
finnish pr,111.58,81.19,125.39,N
dividend g,22.72,7.78,28.66,N
price spec,5.85,7.09,26.69,N
transactio,29.37,23.44,46.78,N
according ,75.16,32.35,41.8,P
commerce s,74.15,56.89,92.13,N
rm clause ,41.48,43.56,81.78,N
figure inc,34.52,28.83,30.59,P
coquelicot,49.75,51.74,52.32,N
financial ,5.32,6.28,24.62,N
seats woul,70.61,60.1,127.01,N
adp news g,112.8,89.1,150.25,N
lulea muni,109.2,60.83,88.18,P
much bette,111.45,52.34,89.52,P
finnish si,116.58,116.25,123.83,N
swedish bu,62.36,46.13,86.8,N
share subs,30.5,31.4,39.81,N
market sha,59.92,65.17,56.52,N
validating,80.91,7.78,45.17,P
cognomen h,60.63,20.46,82.22,N
company gi,32.41,27.48,37.71,N
acquisitio,154.68,104.24,177.93,N
contract v,19.26,22.41,25.15,N
asp also i,36.96,25.12,50.01,N
retail cha,155.89,140.26,164.83,N
overview p,22.13,21.84,107.07,N
co stanza ,29.77,15.82,97.58,N
duration c,10.52,12.82,19.29,N
project mw,35.09,33.12,76.72,N
ass ably g,86.01,54.56,127.52,N
noma learn,68.41,47.14,77.85,N
new locati,50.37,30.79,60.73,N
via move c,74.23,46.76,67.17,P
adp news f,154.86,104.74,121.25,P
according ,41.37,35.11,71.09,N
pes contin,28.25,23.08,24.38,P
september ,66.05,72.21,112.08,N
purchase p,12.84,7.09,17.45,N
mall part ,120.03,72.45,135.5,N
salinomete,53.46,30.07,75.6,N
hydrous ag,26.61,6.68,79.24,N
group net ,48.7,52.18,46.3,N
altona sta,55.81,34.3,96.5,N
contract c,30.42,14.02,73.98,N
forum inte,41.96,20.88,70.32,N
founded bi,30.11,31.07,76.7,N
fore decid,22.77,27.54,56.9,N
finnish ra,86.08,65.17,62.87,P
changes an,56.81,52.06,52.84,P
joined aut,59.71,45.53,69.5,N
re delight,104.81,15.41,55.52,P
implementa,40.0,57.44,33.2,N
liquid han,79.3,38.01,128.45,N
pharmaceut,69.39,65.7,102.3,N
part plan ,99.12,83.06,117.82,N
sales go m,56.2,12.32,60.72,N
consolidat,41.86,49.06,57.78,N
operating ,42.79,44.75,57.71,N
deal worth,20.38,15.21,20.89,N
albata sol,109.99,115.22,169.25,N
lollipop k,14.29,15.82,39.65,N
campo bank,33.1,43.36,31.14,N
exports gr,27.32,26.47,25.4,P
share sale,64.08,54.21,61.43,P
metro glob,95.73,51.73,97.22,N
one price ,64.39,22.46,71.34,N
maelstrom ,82.61,89.21,98.46,N
proportion,60.2,34.54,39.76,P
machinery ,69.73,45.35,84.07,N
diluted ea,39.83,40.21,36.01,N
operating ,19.94,17.12,26.68,N
operating ,36.59,35.43,37.55,N
rivals say,35.63,82.57,53.2,N
companiona,51.18,28.18,81.75,N
australian,108.05,49.79,69.68,P
separating,73.58,23.85,56.27,P
mesa deput,77.95,145.54,103.29,N
chapman fo,63.4,38.31,103.23,N
earnings p,33.13,32.17,36.01,N
finnish co,138.91,132.48,115.87,P
businesses,49.27,38.82,102.25,N
bit exclud,38.14,32.41,44.45,N
value deal,13.2,15.12,15.88,N
currently ,58.25,60.98,110.57,N
operating ,47.56,49.23,66.6,N
pharmaceut,65.43,35.35,82.16,N
life tree ,59.24,0.25,44.7,P
return cap,42.14,36.99,36.52,P
arvo ahven,116.01,28.22,87.53,P
return inv,18.27,19.35,20.06,N
strong gro,30.03,21.84,25.12,P
ka leva st,54.56,49.36,80.63,N
steeple ch,7.06,0.25,54.06,N
tesla stru,43.19,23.44,59.63,N
q company ,55.87,56.74,68.2,N
internatio,33.02,33.98,64.74,N
may finnis,162.14,66.84,125.92,P
valais als,58.84,57.95,64.94,N
finnish au,71.67,42.39,58.8,P
option rig,38.19,43.62,93.54,N
finnish co,70.9,38.41,86.47,N
aforementi,116.02,99.98,164.12,N
performanc,33.36,18.49,19.63,P
finished a,42.44,22.53,33.41,P
company ow,111.82,80.31,132.46,N
sale final,27.46,30.37,32.26,N
upon impro,54.35,43.96,40.83,P
beginning ,44.05,32.88,67.46,N
announceme,62.39,150.71,87.3,N
company we,33.19,12.8,23.56,P
would like,42.81,30.38,46.69,N
according ,56.13,28.77,168.61,N
closing tr,27.07,13.62,32.7,N
finnish ne,65.0,54.34,125.76,N
c expo sig,61.67,34.18,135.85,N
appointmen,97.69,42.78,83.72,P
company op,23.6,19.33,37.59,N
dragonfly ,36.67,15.41,68.45,N
group also,44.28,12.37,36.17,P
lvi contro,152.3,136.68,142.06,P
net profit,22.07,25.08,26.57,N
company ne,62.54,66.42,70.67,N
food servi,90.84,58.8,84.36,P
following ,35.12,28.01,43.15,N
total inve,43.18,38.49,38.49,P
responsibl,26.37,14.02,30.97,N
objective ,56.03,23.44,48.5,P
curators d,15.14,15.82,37.42,N
operating ,33.4,35.45,44.09,N
credit nov,134.6,92.5,124.53,P
group net ,15.68,18.23,17.19,N
quick cope,3.48,4.76,27.0,N
diesel mar,28.42,22.19,21.34,P
net sales ,21.23,38.48,22.74,N
memetic re,40.0,36.22,44.58,N
production,34.68,21.25,25.71,P
finnish in,47.71,69.85,55.38,N
carom pl s,108.06,51.18,99.91,P
operating ,62.38,61.47,75.53,N
beijing an,187.09,77.35,144.46,P
since regi,52.76,39.67,74.47,N
revenues t,33.57,25.22,29.13,P
company op,33.92,27.48,38.99,N
cognomen s,110.26,59.12,143.08,N
finnish bo,77.55,50.54,60.24,P
product ma,32.51,28.65,36.88,N
mill long ,50.01,7.38,38.14,P
nokia siem,108.18,53.97,108.2,N
revenues b,23.43,19.39,23.86,N
site cover,22.13,7.78,26.71,N
consumers ,44.04,31.88,41.12,P
finnish la,18.98,20.08,61.75,N
acquisitio,57.27,15.12,47.13,P
arrangemen,32.92,26.29,36.46,N
tesla orga,36.69,67.22,125.54,N
pharmaceut,84.18,65.7,100.38,N
tesla stru,26.25,20.03,46.03,N
humankind ,70.71,59.34,84.82,N
ad order c,47.99,23.16,111.18,N
samsung cu,44.81,78.91,51.72,N
new deal s,92.45,28.48,56.5,P
demeanor s,46.89,45.13,39.98,P
company sa,60.34,74.23,62.58,N
neverthele,41.37,34.11,48.61,N
now taking,19.61,15.41,43.05,N
costs new ,51.95,27.54,34.29,P
union comp,25.32,19.73,39.31,N
moment app,25.44,19.95,37.26,N
phi develo,45.21,15.82,30.52,P
lt net pro,30.76,46.1,41.95,N
carom mana,99.35,43.07,160.08,N
stor ens t,46.95,42.06,48.06,N
exercise p,60.11,52.29,76.92,N
tit corpor,142.93,120.23,153.28,N
rim superm,21.98,7.78,42.5,N
viking lin,41.44,23.85,33.5,P
company de,38.72,12.39,81.38,N
raffles eq,30.93,41.73,88.1,N
helsinki c,137.11,104.81,119.5,P
growth rat,26.88,53.34,27.85,N
employee n,42.48,35.52,67.31,N
board dire,26.64,20.81,42.96,N
northeaste,27.38,21.05,64.1,N
firm build,40.77,36.4,43.02,N
heder beta,22.72,15.82,169.96,N
company de,46.18,19.51,69.2,N
company sa,116.52,61.64,195.58,N
coquelicot,78.16,64.58,87.11,N
insolvency,0.62,23.85,61.73,N
comes comp,36.0,30.23,99.12,N
soapstone ,71.91,23.16,56.95,P
delighted ,90.07,15.41,64.64,P
meeting gl,38.42,46.45,46.57,N
earnings p,28.55,38.5,27.79,N
loss taxes,38.9,38.45,49.66,N
ban now re,38.27,32.75,61.22,N
baltic sta,60.95,81.05,88.05,N
noma magaz,35.45,23.51,36.71,N
operating ,26.1,23.46,33.56,N
period end,51.88,61.92,59.99,N
south afri,127.69,78.06,113.51,P
profit per,36.41,38.8,50.05,N
move trigg,46.94,65.9,39.81,N
byline chm,60.66,42.13,113.27,N
new produc,128.12,86.11,117.15,P
port facil,43.33,21.25,55.39,N
e devices ,15.55,0.25,27.92,N
purchase m,6.36,0.25,39.03,N
external n,122.8,175.26,150.51,N
deliveries,47.37,48.66,44.41,N
filter tip,33.98,36.99,74.32,N
following ,38.32,26.7,45.72,N
operating ,42.37,55.75,69.77,N
net sales ,49.17,49.9,39.76,N
nokia shar,56.6,93.74,58.77,N
revenue qu,48.11,50.16,56.31,N
techno pol,147.14,37.57,93.1,P
operating ,21.92,23.53,29.36,N
however pr,41.27,14.02,26.82,P
sections p,101.15,46.04,137.57,N
company tr,52.23,32.96,133.96,N
train expe,35.76,22.75,65.93,N
yesterday ,39.06,34.61,66.13,N
tenorite t,129.96,75.07,112.61,P
finnish fo,75.08,84.42,75.71,N
third quar,44.58,50.08,58.31,N
company di,10.65,4.76,17.51,N
helsinki f,54.92,62.46,119.45,N
tests cond,133.9,61.94,197.84,N
currently ,41.0,28.46,84.94,N
pretax los,49.48,50.73,66.72,N
business u,94.82,102.1,114.96,N
coquelicot,92.88,130.25,127.98,N
company ex,44.89,23.55,47.83,N
upon compl,50.32,27.61,59.67,N
asp serves,13.68,7.38,35.51,N
hestia yo ,69.16,60.87,122.08,N
company se,67.06,33.6,85.31,N
finnish sc,117.21,128.92,130.08,N
gunnel res,42.77,21.84,44.47,N
gyps ii mo,50.14,23.16,84.2,N
citigroup ,105.64,49.42,83.1,P
estimated ,29.4,33.38,26.24,N
combined v,35.77,30.58,33.62,P
indexes in,28.22,7.09,46.64,N
device off,58.6,44.5,81.9,N
government,51.99,15.41,66.89,N
foundries ,106.51,96.03,134.27,N
currently ,35.26,30.38,29.8,P
crankiness,60.22,75.87,68.94,N
cameo typi,54.04,40.7,75.86,N
lama media,49.88,46.07,48.14,P
jun boy ge,27.49,14.31,69.71,N
september ,153.04,97.04,129.65,P
parties ag,51.56,41.94,51.12,P
finnish sh,80.39,89.97,97.73,N
thanks wid,149.6,51.2,120.39,P
memetic si,84.81,52.54,94.21,N
analyzed g,113.26,58.23,69.08,P
en news wi,94.02,86.41,120.24,N
tie offers,131.5,31.07,85.59,P
effect may,36.51,28.99,39.95,N
hams also ,87.17,49.89,108.65,N
operating ,40.89,43.27,58.03,N
group inte,71.2,36.87,117.73,N
operating ,27.57,28.67,35.87,N
result com,54.45,38.2,43.18,P
campo grou,47.98,44.5,73.19,N
parties th,29.52,23.85,42.43,N
nokia mult,46.33,42.93,52.61,N
lights cur,22.25,15.41,93.21,N
tel affars,96.34,48.99,78.66,P
demand see,56.66,28.32,46.37,P
separately,162.53,91.91,140.74,P
production,35.9,28.84,28.24,P
according ,42.12,46.33,77.86,N
company co,45.73,49.28,54.4,N
however ma,49.94,62.5,52.27,N
first four,36.27,27.61,110.9,N
price talk,35.49,30.79,63.85,N
value deal,13.2,15.12,15.88,N
solution e,49.9,37.57,68.18,N
company al,60.51,44.23,54.86,P
operating ,37.43,38.43,50.99,N
succeeded ,102.58,64.33,82.7,P
according ,67.2,37.72,50.55,P
skeet set ,13.35,7.38,42.42,N
fair value,35.53,38.14,31.33,N
pharmaceut,100.12,65.7,115.29,N
another no,36.92,7.78,81.74,N
evidentiar,21.72,7.09,41.85,N
known post,123.78,42.34,81.99,P
met locate,20.86,6.86,48.44,N
trading na,106.11,64.64,149.09,N
new rosenb,47.55,30.5,120.19,N
stor ens n,150.98,71.69,121.19,P
share subs,14.43,16.61,29.58,N
announced ,107.02,50.12,78.52,P
via takeov,127.66,51.96,92.18,P
portfolio ,55.42,30.16,112.29,N
evora exec,15.55,7.78,48.39,N
almost two,35.94,24.02,52.21,N
september ,58.69,58.97,72.99,N
euro chem ,145.01,33.57,79.85,P
internal r,56.24,39.5,101.57,N
planned et,64.75,45.06,77.12,N
finnish so,150.01,113.4,138.37,P
autarkic c,100.79,80.78,87.16,P
metabolism,63.29,49.87,137.33,N
blue win s,22.13,23.85,41.56,N
latvia sto,58.03,36.97,52.38,P
kurilian p,46.29,32.96,72.26,N
total valu,25.64,27.81,23.44,N
finnish po,136.13,145.88,138.02,N
corporate ,125.88,104.94,132.09,N
sente oil ,199.45,117.5,139.47,P
operating ,35.6,33.52,51.13,N
favorable ,73.97,52.09,55.12,P
revenue ju,62.25,57.31,60.09,P
thanks ext,117.93,55.77,126.69,N
inaugural ,28.11,12.76,65.06,N
financing ,27.4,23.44,32.61,N
operating ,35.6,33.52,51.13,N
competitio,14.45,15.12,34.33,N
release oc,74.04,49.97,98.96,N
value deal,19.34,22.24,32.03,N
nina oenon,43.11,22.75,78.23,N
terms acqu,13.2,15.12,18.19,N
chapman pa,133.4,38.19,103.29,P
finnish so,163.61,83.33,140.85,P
net sales ,67.49,66.92,74.51,N
exercise o,36.6,21.71,61.7,N
april finn,107.7,133.83,128.37,N
elisa comm,69.71,28.93,95.18,N
shares acq,38.41,40.19,74.63,N
last year ,53.55,68.92,58.18,N
financier ,48.81,53.54,47.63,N
financial ,13.0,13.62,17.09,N
group cash,29.31,25.8,22.78,P
necessary ,30.11,17.65,30.61,N
sales bill,65.26,94.27,115.56,N
industry a,79.6,41.36,125.28,N
second var,94.24,26.92,108.34,N
subject ma,22.38,23.85,75.48,N
gs enginee,43.21,23.85,144.32,N
hayward ca,12.5,7.78,83.44,N
rate liste,34.34,27.38,29.11,P
adp news f,110.59,81.0,102.92,P
last week ,131.26,87.94,121.79,P
annual val,55.68,54.73,52.59,P
planned cl,23.23,7.78,27.14,N
finnish co,86.31,95.42,99.31,N
ea reg gro,26.95,29.61,48.39,N
total head,22.61,40.58,19.11,N
brokerage ,108.59,45.94,90.03,P
now releva,40.24,19.67,81.23,N
porphyry g,79.3,28.99,80.03,N
finnish ma,70.28,90.61,92.2,N
however sh,28.2,21.65,43.38,N
finnish sp,129.66,121.23,131.18,N
subsidiary,51.39,33.24,61.03,N
report pro,127.92,108.03,220.4,N
tesla stru,49.05,18.81,70.71,N
result tax,66.41,70.9,84.01,N
scandian m,127.02,46.16,81.99,P
see slide ,45.54,15.82,51.83,N
pharmaceut,80.85,97.26,97.53,N
order cons,55.09,19.81,73.94,N
india trad,82.75,48.67,81.12,P
upon estab,29.93,22.75,39.86,N
margin cal,60.73,38.95,79.54,N
propitious,48.79,54.48,75.68,N
eu commiss,101.34,186.91,130.92,N
earnings p,47.62,45.31,57.54,N
alexandria,40.74,57.76,84.17,N
finnish me,186.31,63.59,162.87,P
finnish co,120.22,78.61,125.21,N
autarkic s,117.9,77.97,100.77,P
lama media,30.24,30.69,30.55,N
podcast se,58.68,30.79,132.96,N
technology,48.03,39.23,46.3,P
nonwoven s,50.94,21.65,114.89,N
according ,106.26,49.67,75.74,P
demeanor d,39.95,27.82,99.79,N
adp news f,99.25,113.37,106.26,N
katharsis ,97.51,47.95,63.35,P
finnish re,96.93,113.3,102.86,N
demeanor p,80.21,79.76,85.57,N
sandblaste,48.26,75.32,59.79,N
newspeak d,79.2,83.23,138.77,N
valais net,59.38,70.4,67.36,N
company ch,26.24,20.02,66.46,N
business s,50.34,36.81,49.8,P
russia vid,55.74,34.81,61.37,N
expects re,49.72,46.19,53.14,N
agreement ,79.1,15.82,45.88,P
sunk depth,22.82,7.78,52.82,N
operating ,26.5,23.53,37.58,N
guidance s,33.58,26.9,53.17,N
founded fi,51.77,21.77,88.47,N
line run f,36.03,15.82,70.96,N
operating ,26.73,30.65,37.17,N
first phas,25.95,19.71,23.45,P
company al,73.24,75.69,75.49,N
rental bui,42.38,33.41,42.04,P
financier ,63.02,102.7,65.23,N
pa morgan ,51.58,29.28,97.57,N
meantime c,27.28,31.88,66.98,N
manufactur,47.37,42.58,58.3,N
stokes sto,46.66,59.22,64.69,N
value orde,21.23,24.32,21.02,N
spondaic p,73.05,77.78,128.24,N
trading co,68.06,39.2,78.53,N
oriole spi,51.84,30.99,56.55,N
group turn,34.64,38.83,38.89,N
om market ,77.07,67.77,130.77,N
also devel,25.55,14.72,28.96,N
adp news a,110.47,141.8,118.34,N
pestilent ,20.51,7.38,42.32,N
section re,96.18,67.68,76.59,P
according ,41.83,30.38,83.95,N
sales vat ,41.97,30.16,35.21,P
shares nok,112.17,90.64,112.05,P
rate repor,62.13,65.69,65.37,N
operates t,26.51,27.9,68.46,N
techno pol,50.85,19.96,84.94,N
reasons be,108.29,81.55,126.23,N
popular mo,35.73,37.32,67.18,N
loss perio,37.17,38.57,51.62,N
seem enoug,23.23,7.38,38.29,N
lean syste,65.71,38.01,55.34,P
middle eas,65.22,23.04,57.35,P
company em,34.85,30.69,29.25,P
sales unit,57.67,83.33,48.77,N
thus group,35.61,21.34,46.39,N
finnish bu,98.09,67.09,120.16,N
stockman e,33.62,28.78,50.9,N
shulamite ,34.05,23.04,66.58,N
reorganiza,126.94,101.8,149.24,N
department,39.94,41.14,42.43,N
quarterly ,60.96,51.23,49.08,P
invention ,22.96,25.94,89.25,N
barclays p,61.36,22.93,98.09,N
january fi,129.38,103.02,94.73,P
femininene,87.49,85.24,100.25,N
based nego,26.3,38.42,53.19,N
correspond,56.18,37.33,63.43,N
also tradi,4.63,6.68,43.9,N
however br,12.79,13.74,35.79,N
contract t,35.0,31.54,42.56,N
ms lasso r,38.26,27.45,64.81,N
company sa,75.13,42.76,88.72,N
buyer real,55.83,53.39,74.0,N
finnish me,96.26,33.66,64.84,P
however tw,61.32,40.4,69.44,N
uncap cont,111.82,67.03,133.93,N
new arrang,35.33,23.16,47.35,N
noma magaz,65.73,35.41,60.21,P
utah capit,50.61,40.85,76.06,N
chilled me,52.79,47.51,77.03,N
increase n,71.57,46.83,72.97,N
end march ,46.83,43.5,50.76,N
exactly ha,22.13,15.41,126.81,N
composite ,7.46,15.82,83.6,N
acquisitio,34.82,15.82,32.12,P
cen corp n,59.13,62.2,66.15,N
finnish el,71.01,83.09,88.07,N
license ag,40.19,29.53,43.51,N
printed fa,57.26,22.93,68.03,N
company de,65.96,56.2,88.8,N
finnish es,85.02,54.59,70.46,P
parties ag,28.52,15.12,30.35,N
valais exp,65.03,52.47,72.33,N
managing d,77.45,51.78,86.88,N
financial ,132.38,87.78,115.61,P
technology,34.61,23.16,54.41,N
fourth qua,146.26,118.27,130.74,P
according ,74.39,110.93,83.57,N
says brain,27.26,7.78,49.49,N
also six y,30.15,19.44,41.43,N
nordic wal,43.26,20.27,65.91,N
long unpro,117.87,66.26,79.29,P
terms disc,7.06,7.09,12.27,N
profit per,36.41,38.8,50.05,N
copying re,42.28,21.25,127.92,N
frost sold,54.19,65.96,53.99,N
city invit,88.99,29.81,150.28,N
total inve,36.86,32.29,32.46,P
,0.62,0.25,0.12,P
brassware ,36.58,40.15,57.14,N
also stren,30.7,21.43,30.84,N
finnish fo,102.01,96.27,114.13,N
lateen ame,114.88,68.14,128.18,N
metro foun,48.53,30.81,60.35,N
operating ,54.69,54.84,68.26,N
rewards pa,86.66,61.43,106.65,N
cvs propos,30.62,29.28,63.77,N
plan cess ,72.14,34.14,126.99,N
tonnes asp,12.47,14.43,33.22,N
objective ,28.51,6.08,32.45,N
transactio,27.07,14.02,39.24,N
memetic gl,82.42,85.84,82.25,N
operating ,28.92,26.64,39.82,N
sd offers ,63.07,45.35,87.26,N
russia wan,36.68,14.72,74.24,N
operating ,64.4,58.91,84.8,N
value firm,47.64,29.87,47.76,N
total valu,82.27,83.49,96.19,N
boomerang ,44.87,40.58,59.68,N
wireless i,28.32,13.4,41.59,N
honored ac,52.4,13.91,44.82,P
customer c,21.69,15.82,37.29,N
third quar,77.12,83.04,80.08,N
example ne,65.09,56.31,70.56,N
company re,51.82,54.73,53.43,N
constructi,44.09,39.23,37.66,P
company sc,103.58,62.7,65.45,P
om helsink,64.19,67.16,53.36,N
surv lower,42.73,65.01,50.19,N
erk ki ner,91.78,75.14,122.0,N
order foll,41.12,39.86,46.73,N
surv also ,44.14,30.79,79.04,N
negotiatio,36.51,22.93,67.43,N
inge larse,33.47,26.22,44.94,N
environ op,27.86,7.78,56.53,N
staff recr,73.45,46.86,59.69,P
transactio,75.76,20.96,82.56,N
turn spelu,88.76,48.63,66.67,P
financial ,40.59,29.28,73.51,N
production,78.39,65.1,74.16,P
company ne,47.06,49.98,49.18,N
repayment ,56.3,34.79,122.37,N
several la,28.2,42.78,35.51,N
currently ,89.58,107.86,90.83,N
rebuilds d,49.42,6.68,42.51,P
bank forec,32.86,12.17,23.98,P
tools spec,43.62,14.9,66.48,N
current po,19.54,22.93,33.43,N
finnish ou,55.32,42.51,48.89,P
debit year,34.96,23.6,34.17,P
marienbad ,96.37,58.85,173.7,N
timeline g,30.87,25.47,40.56,N
total amou,43.97,37.28,61.69,N
march stor,43.19,35.3,48.02,N
amending p,81.64,27.54,43.89,P
spring tot,13.2,13.74,31.32,N
orders rec,29.39,28.84,27.19,P
investment,28.52,54.16,73.8,N
outvote de,67.32,68.82,107.05,N
passenger ,19.59,22.06,35.65,N
customer f,26.24,20.04,47.77,N
total valu,26.24,29.06,22.83,N
end number,35.75,20.29,35.44,P
joint vent,53.78,15.82,109.56,N
enclosed a,90.23,68.38,177.07,N
finnish co,172.21,79.66,104.2,P
sale outpu,36.05,41.65,42.49,N
operating ,39.51,39.6,48.04,N
ruskin del,119.42,85.35,84.59,P
however of,49.6,56.84,91.28,N
radiation ,18.36,20.55,68.31,N
company sa,17.03,20.42,32.02,N
company sa,60.71,44.54,56.19,P
planchette,16.24,17.76,24.97,N
shares sti,27.0,11.76,44.76,N
operating ,63.07,63.94,82.1,N
oka specia,70.48,46.16,93.09,N
last posit,64.78,29.06,67.06,N
completion,34.11,14.11,53.32,N
rm mcdonal,43.68,39.11,140.31,N
investors ,67.14,31.17,32.83,P
pm eastern,35.89,38.13,61.66,N
net sales ,55.91,54.73,52.7,P
finnish fi,104.59,111.59,111.95,N
cohen stee,32.78,26.22,55.03,N
however ra,46.53,79.51,38.39,N
stor ens r,46.23,40.21,50.48,N
company li,31.87,25.28,25.96,P
implementa,34.05,27.82,44.71,N
earnings p,49.22,40.34,48.04,P
pharmaceut,65.43,35.35,81.59,N
value orde,19.62,22.14,19.98,N
following ,37.69,25.84,38.65,N
company ai,44.51,25.55,30.81,P
global spo,166.17,89.99,147.0,P
new units ,53.98,35.11,46.52,P
kirsch tra,33.57,37.62,61.22,N
intent art,51.19,7.78,91.47,N
purchase a,149.9,75.73,124.89,P
group sale,46.92,51.95,54.05,N
group oper,31.7,34.11,40.9,N
progress g,111.86,28.32,83.7,P
industry c,89.74,21.94,128.5,N
forecast,6.77,7.78,8.1,N
finland co,61.85,121.45,94.95,N
components,87.02,60.5,124.32,N
less ten p,22.72,23.16,42.74,N
ump said m,79.8,98.8,89.35,N
typical en,73.56,30.28,174.8,N
net sales ,22.21,17.44,17.17,P
new nova t,11.15,13.62,39.82,N
now leadin,52.23,18.28,40.68,P
finnish au,91.54,108.8,98.25,N
solid fuel,6.77,7.78,47.69,N
new unit m,37.8,40.63,38.65,N
cargo traf,41.19,40.88,42.09,N
part trans,99.7,61.01,84.17,P
april sent,63.26,73.75,81.31,N
building h,27.07,23.44,38.57,N
linares yo,41.46,29.13,75.33,N
qr product,49.26,11.99,61.53,N
enterprise,41.4,28.89,43.22,N
rd loan,7.46,15.82,13.92,N
transactio,59.96,58.91,72.18,N
operating ,42.69,44.6,68.78,N
hear lates,54.04,44.84,79.17,N
operating ,42.09,30.65,44.3,N
finnish gr,49.37,37.35,34.07,P
corrected ,0.62,0.25,23.73,N
according ,109.65,100.47,137.11,N
finnish os,56.38,25.17,76.06,N
speakerpho,71.52,43.05,76.69,N
according ,45.62,27.74,88.64,N
record dat,28.79,6.28,32.61,N
escargot g,81.1,21.65,57.9,P
company sa,34.27,24.51,47.45,N
net sales ,33.47,33.01,37.1,N
split comp,39.12,24.36,38.62,P
delivery e,33.51,37.72,38.5,N
operated n,52.44,37.6,63.56,N
previously,45.31,46.78,41.16,N
rosendo te,37.28,22.93,77.69,N
number off,32.87,21.55,29.59,P
purchase c,64.5,19.06,54.53,P
gladstone ,93.7,78.71,101.96,N
ion phase ,57.55,27.63,64.7,N
customers ,72.84,29.69,116.43,N
contract i,57.94,37.72,97.11,N
tit capita,69.79,56.57,64.04,P
release of,20.59,30.79,47.96,N
talent um ,42.93,45.54,43.22,N
pretax pro,33.57,31.58,49.41,N
prigs wwwp,20.59,23.16,73.53,N
offer cust,40.37,21.79,44.97,N
company em,33.59,37.6,42.81,N
sales rise,25.23,12.32,16.71,P
building h,38.74,53.75,56.37,N
finnish sh,82.6,85.34,101.52,N
restrictio,7.46,0.25,30.68,N
nordic exc,67.38,47.27,66.01,P
exports go,22.13,29.18,29.83,N
sal comp c,62.27,38.42,105.25,N
capital st,42.82,37.09,60.11,N
believe ho,69.74,73.02,86.22,N
operating ,81.75,88.02,95.24,N
six brewer,86.64,84.79,81.58,P
grounds no,36.13,37.75,74.38,N
finland te,120.67,54.85,141.41,N
rap ala va,69.12,27.36,84.5,N
bond matur,40.74,29.98,58.24,N
rockwell c,54.11,35.96,83.1,N
third orde,88.49,35.47,78.57,P
ship unloa,5.59,7.78,73.28,N
mennen tes,55.98,29.65,106.77,N
event foll,54.9,20.08,103.04,N
aristoteli,76.14,51.79,78.44,N
earnings p,19.02,21.63,22.34,N
inspects c,10.65,4.76,34.78,N
according ,75.71,73.28,85.61,N
properties,75.5,71.25,111.67,N
return inv,30.22,38.31,32.23,N
key geogra,51.3,15.41,69.47,N
alexandria,57.46,36.97,101.44,N
net sales ,41.7,30.11,44.26,N
august lat,57.67,20.81,93.97,N
according ,39.85,26.6,52.92,N
fiscal yea,67.19,65.27,65.69,P
years colo,28.14,7.78,42.5,N
transactio,67.3,52.76,56.85,P
order incl,66.41,29.69,135.63,N
market sha,21.82,24.46,28.5,N
even littl,38.0,33.77,63.43,N
carom serv,100.38,43.14,94.4,P
ssh commun,31.49,41.6,39.35,N
operating ,28.06,23.53,29.36,N
closing tr,43.26,22.06,37.44,P
rue h augu,89.27,105.67,95.8,N
combined f,53.56,23.85,44.11,P
coca cola ,56.28,58.66,43.34,N
sale healt,87.93,29.18,79.37,P
contracts ,36.22,58.74,48.26,N
reporting ,31.54,35.42,41.21,N
helsinki t,122.6,84.98,88.51,P
finnish pu,67.52,36.32,77.08,N
could,0.62,0.25,6.85,N
secure dev,77.52,67.24,99.16,N
operating ,51.84,54.49,48.58,N
full year ,45.85,37.84,45.94,N
mobile com,176.87,139.34,164.82,P
company ru,65.3,49.61,121.06,N
acquisitio,73.59,46.42,66.83,P
company di,3.48,4.76,24.84,N
consolidat,79.02,69.57,96.55,N
otherwise ,7.06,6.68,20.91,N
last smart,49.12,29.16,93.04,N
total numb,64.86,44.95,78.38,N
ongoing pr,68.23,31.48,127.33,N
topped con,38.78,18.74,25.85,P
lithuanian,121.92,95.78,88.49,P
operating ,122.18,118.68,109.77,P
galleria p,35.66,5.91,88.41,N
planned se,42.11,14.9,55.81,N
company tu,22.62,24.86,21.93,N
interestin,50.15,29.98,45.88,P
om helsink,67.19,70.43,63.11,N
total inve,24.77,35.54,27.67,N
purpose ac,60.72,25.55,44.78,P
employees ,47.73,42.08,53.74,N
number cla,18.97,19.52,36.87,N
chapman ma,44.0,29.36,44.32,N
maelstrom ,72.41,78.72,102.61,N
chapman pl,101.62,80.66,121.82,N
global mar,63.81,41.02,97.46,N
insurer ax,25.44,81.96,48.46,N
reproducti,7.06,0.25,21.65,N
alternativ,64.42,51.16,71.91,N
looking fo,67.98,7.78,45.48,P
company ex,30.89,28.53,25.01,P
also femin,58.29,65.11,70.01,N
alexandria,42.8,30.28,81.62,N
stokes agr,123.09,51.51,67.83,P
brassware ,45.88,29.77,33.31,P
second qua,46.31,44.34,48.85,N
small firm,7.46,62.3,53.04,N
company ex,21.69,11.41,33.33,N
year divid,17.18,11.81,30.49,N
condition ,55.29,29.18,88.8,N
end review,67.23,50.29,73.72,N
operating ,44.49,44.5,55.34,N
operators ,64.49,37.03,85.56,N
celeste hy,104.66,76.52,184.18,N
operating ,48.14,49.87,55.51,N
finnish me,109.73,100.31,118.3,N
company bo,46.75,28.15,40.87,P
depending ,33.5,36.34,44.51,N
finnish br,140.92,125.96,150.69,N
affectiona,38.85,42.65,58.51,N
stitching ,32.56,33.85,56.76,N
profit tax,23.39,23.05,27.45,N
planned fa,153.94,58.47,139.39,P
important ,33.43,29.57,45.9,N
purchase o,73.2,36.62,61.7,P
following ,49.28,37.4,57.26,N
upon made ,54.31,51.66,60.66,N
finnish ba,70.26,69.01,86.56,N
doppler do,5.59,0.25,37.58,N
order incl,26.02,15.12,75.19,N
share capi,48.63,52.22,52.48,N
operating ,36.94,34.94,49.77,N
reported n,28.82,23.31,29.31,N
equipment ,43.6,31.08,64.45,N
ban aero c,111.61,104.2,137.09,N
divested c,52.7,44.02,51.64,P
new chairm,58.15,38.82,72.46,N
company se,124.91,88.59,151.14,N
significan,128.59,35.64,81.85,P
nixon fina,28.98,40.55,43.86,N
cf pry ltd,38.79,33.29,97.09,N
elisa corp,31.57,21.25,43.17,N
fair value,54.59,50.19,47.72,P
connectivi,61.56,49.05,68.65,N
therefore ,25.26,33.85,24.09,N
operating ,57.58,62.97,77.73,N
chapman si,90.32,59.93,139.58,N
september ,49.2,47.6,63.6,N
hew offer ,22.38,0.25,37.76,N
major part,71.21,47.38,105.35,N
company sa,70.97,73.64,70.17,N
upon compl,21.33,15.12,38.62,N
event also,12.71,6.68,46.25,N
eq bank fo,60.2,57.76,77.09,N
diameter p,21.49,6.68,67.35,N
company sa,92.61,51.35,124.43,N
pretax pro,29.1,30.38,38.99,N
femininene,96.03,76.23,110.57,N
uncap corp,99.62,101.48,134.08,N
however sa,91.17,73.11,90.51,P
price gmo ,13.94,12.72,36.58,N
release co,154.82,79.82,123.98,P
would prem,31.63,25.98,52.86,N
gdansk ban,43.32,25.34,40.57,P
high winds,24.37,28.88,64.79,N
strongest ,61.37,21.84,52.48,P
furthermor,56.93,93.14,89.66,N
energy sec,57.88,35.71,49.49,P
operating ,61.26,70.73,81.94,N
compass gr,42.29,36.97,57.95,N
finnish fo,74.9,66.74,66.39,P
finnish si,113.39,90.01,107.86,P
tests part,95.62,59.32,164.54,N
also said ,64.39,65.51,64.08,N
net sales ,31.94,31.93,37.67,N
consequenc,7.46,0.25,55.07,N
finnish fo,97.63,89.5,140.33,N
potential ,50.37,0.25,66.43,N
size exten,53.85,23.85,64.1,N
thus metho,67.72,21.5,49.65,P
new techno,56.1,30.5,47.4,P
dismissed ,37.61,77.2,48.04,N
shares sub,46.23,48.71,83.86,N
rights res,0.62,0.25,13.31,N
production,63.07,81.67,71.35,N
executive ,95.29,66.67,151.39,N
sales expe,31.63,29.78,34.03,N
cash flow ,59.97,62.18,63.17,N
dutch brok,71.55,24.27,66.85,P
joint vent,150.17,106.34,123.62,P
nokia worl,127.96,67.8,103.39,P
altogether,53.56,28.71,74.37,N
megaron su,110.87,74.42,111.92,N
air traffi,27.13,35.36,24.28,N
net intere,30.9,34.56,37.61,N
firm headq,19.44,20.79,36.12,N
adjustment,23.23,7.09,59.35,N
report ori,45.0,30.79,49.91,N
investment,43.13,32.52,41.83,P
two compan,79.97,22.06,60.53,P
upon maint,26.4,18.74,33.99,N
according ,107.93,85.54,100.14,P
finnish ba,80.66,71.0,162.32,N
unbelievab,84.57,47.87,157.36,N
company st,50.21,35.8,95.17,N
works incl,43.62,22.06,91.51,N
point sepa,18.84,4.76,113.39,N
sales incr,44.79,44.68,52.47,N
newspeak o,107.64,130.97,125.6,N
sales rose,69.35,56.85,76.66,N
phones tar,39.4,27.67,46.23,N
solution n,37.73,38.82,46.59,N
addition c,18.25,14.43,53.48,N
december f,145.73,110.56,129.53,P
stockman p,86.0,79.08,111.12,N
westphalia,23.24,26.06,57.12,N
nordic ban,101.19,167.35,117.97,N
pretax los,38.96,40.14,54.11,N
finnish fi,48.6,47.53,50.7,N
business a,27.06,31.55,33.52,N
autarkic a,48.4,45.2,53.67,N
furthermor,69.52,34.41,95.87,N
citigroup ,72.95,43.85,80.73,N
gujaratis ,86.41,91.92,77.95,N
year perso,64.26,49.01,163.23,N
marathon e,24.36,19.33,43.83,N
january fi,107.09,89.98,115.0,N
ruskin sig,82.09,27.55,50.66,P
operating ,47.8,46.88,59.84,N
vercelli p,7.46,7.78,61.85,N
company re,52.35,55.77,71.11,N
company pl,82.96,65.68,82.15,P
according ,134.59,187.7,134.45,N
firm uk he,36.07,7.78,48.86,N
papilionac,136.52,82.34,99.65,P
net sales ,13.24,16.11,14.81,N
finnish bu,87.9,115.33,104.29,N
time sales,74.27,35.61,55.56,P
recommenda,111.06,45.53,86.02,P
net sales ,72.85,106.23,112.62,N
tyrosine o,27.51,30.09,51.25,N
alpine spo,69.92,53.39,176.81,N
escargot b,136.15,103.44,132.54,P
company ex,42.76,41.3,38.9,P
bundelkhan,73.67,37.03,38.94,P
new produc,96.74,56.57,163.13,N
salon en a,42.53,85.59,63.83,N
following ,82.68,69.92,102.72,N
therefore ,14.74,7.78,43.7,N
huge issue,21.28,6.28,35.02,N
future pla,26.71,30.79,60.66,N
operating ,46.53,48.42,64.54,N
share issu,69.55,68.52,132.21,N
financier ,53.85,78.72,61.29,N
use valida,52.37,7.78,110.43,N
coquelicot,74.07,13.62,81.07,N
operating ,58.81,60.17,75.02,N
bag issue ,6.36,7.78,33.5,N
us energy ,40.74,74.73,61.41,N
lt also ac,57.96,53.51,71.31,N
finnish st,125.48,131.62,135.71,N
return fli,28.86,22.75,85.12,N
cash flow ,39.8,42.83,40.17,N
operating ,42.51,44.22,54.36,N
operating ,32.56,19.52,32.13,P
fourth qua,43.95,48.12,51.08,N
board dire,55.58,30.07,55.98,N
choose gia,13.2,0.25,92.29,N
pes grew r,17.86,14.07,9.33,P
equipment ,67.87,29.98,153.84,N
net cash o,48.19,49.52,49.39,N
three year,69.51,36.86,62.06,P
end march ,30.99,39.86,37.74,N
brazilian ,115.87,54.18,91.66,P
ump delive,94.4,66.48,70.78,P
adp news f,123.0,136.01,113.59,N
thus group,35.61,21.34,46.39,N
supercolli,66.44,44.5,185.32,N
value orde,15.23,18.21,14.17,N
comparable,56.1,66.51,69.29,N
net loss p,21.67,24.25,27.12,N
according ,38.48,59.76,88.54,N
rue q may ,129.43,96.32,146.33,N
presentati,19.25,12.8,46.23,N
pm central,88.37,97.34,162.25,N
groupthink,57.69,29.46,63.97,N
fair value,68.4,50.29,52.18,P
buildings ,0.62,0.25,29.24,N
board dire,84.27,91.25,95.19,N
copyright ,39.45,27.08,82.91,N
group reve,52.37,47.9,51.94,P
contracts ,69.05,76.45,85.2,N
chapman sa,90.94,82.48,95.67,N
company sh,37.17,46.26,51.22,N
finnish su,195.38,78.77,182.8,P
humankind ,75.71,87.68,71.47,N
stor ens j,60.54,69.82,75.27,N
remaining ,9.32,27.41,45.22,N
company ex,37.19,38.5,38.94,N
company pr,60.5,61.16,75.75,N
natural so,36.57,6.68,82.63,N
among indu,66.86,56.46,88.27,N
sandblaste,44.64,34.19,56.67,N
catalysts ,22.38,0.25,71.92,N
finland ci,57.83,133.54,96.04,N
also westp,23.59,28.43,50.59,N
last year ,82.46,50.51,80.99,P
reductions,35.58,18.71,40.8,N
company ne,60.36,48.93,53.96,P
rue mn net,23.74,26.91,27.33,N
menominee ,130.15,74.53,108.41,P
gdansk ban,76.05,18.6,47.43,P
operating ,26.5,23.53,37.58,N
coquelicot,68.07,50.71,94.15,N
contract c,47.34,37.43,56.23,N
helsinki t,73.66,104.71,76.1,N
om helsink,65.58,66.04,63.11,N
many comme,14.63,103.38,51.28,N
pm om hels,53.74,64.97,57.72,N
tie servic,41.4,22.35,69.65,N
deliveries,35.03,29.87,32.46,P
valuator p,137.81,79.57,101.83,P
shares sha,50.95,20.44,79.6,N
passenger ,38.53,28.54,47.35,N
webcast ma,18.56,12.39,42.81,N
operating ,50.48,44.85,61.78,N
salutation,17.87,13.46,24.42,N
board mach,57.28,37.37,99.22,N
financier ,39.12,99.61,58.43,N
travel exp,26.35,11.7,51.69,N
transactio,52.66,15.55,29.77,P
loud eye c,57.3,49.54,84.6,N
resting co,36.83,15.82,53.05,N
based upon,101.2,40.84,74.07,P
change opt,92.5,50.49,55.87,P
total scho,42.27,29.25,86.04,N
operating ,29.6,28.85,37.17,N
hl catalog,29.85,30.38,56.5,N
net profit,37.45,26.01,47.11,N
customers ,129.98,67.89,214.92,N
adp news n,152.92,96.0,113.38,P
operating ,27.57,28.67,35.87,N
finnish sw,57.1,41.25,47.71,P
finnish me,130.48,88.8,120.82,P
operating ,56.07,58.84,74.69,N
currency e,56.13,58.99,42.7,N
share repu,52.47,54.1,71.05,N
americas r,47.79,20.14,84.63,N
total wond,84.55,58.38,182.82,N
celeste se,125.92,21.37,91.18,P
auguster c,53.91,47.71,55.92,N
center off,78.59,44.69,108.91,N
first phas,49.61,20.15,81.08,N
need ready,11.51,4.81,42.69,N
pes droppe,12.37,20.39,9.33,N
profit per,37.13,39.23,48.58,N
return inv,25.25,25.68,20.06,N
value thre,34.23,39.16,32.93,N
evenhanded,80.46,179.1,95.49,N
return cap,40.85,41.75,35.83,N
operating ,37.13,39.07,47.79,N
address al,34.67,29.98,110.34,N
scope proj,57.21,39.11,114.14,N
airline or,121.08,30.23,96.68,P
water trea,76.66,61.88,115.14,N
salinomete,79.69,70.89,82.77,N
nokia cont,68.46,38.19,75.24,N
ceo erk ki,47.97,19.73,39.5,P
weber conv,37.34,23.85,98.05,N
also six y,28.65,25.39,40.78,N
afternoon ,14.85,14.72,6.08,P
company di,16.1,20.14,20.75,N
participan,21.46,7.78,114.56,N
maximum ob,31.45,33.21,56.7,N
adds servi,44.48,22.35,117.62,N
media advi,17.52,82.8,46.18,N
alexandria,32.08,41.35,87.92,N
operating ,62.01,72.81,86.26,N
course tal,97.44,67.58,167.71,N
make avail,107.66,89.57,162.6,N
october fi,117.94,138.43,144.73,N
currently ,23.55,26.03,44.97,N
shareholde,45.18,46.86,99.13,N
shares rep,31.97,32.17,42.11,N
pretax pro,29.1,30.38,38.99,N
sales volu,36.88,43.18,28.26,N
cents prof,96.45,55.06,114.15,N
handset ma,18.74,13.06,30.42,N
share capi,48.63,52.22,52.48,N
luxembourg,140.7,44.47,101.3,P
february f,91.18,55.63,92.71,N
operating ,48.25,49.1,59.91,N
end number,27.26,13.65,27.04,P
maritime c,13.94,15.41,28.66,N
finnish si,98.7,81.79,95.73,P
company sa,42.14,32.83,61.41,N
finnish ba,36.78,43.2,28.86,N
finnish fo,42.92,106.58,69.85,N
share purc,113.99,73.53,104.54,P
ls service,126.33,74.27,126.03,P
finland la,54.24,34.73,47.59,P
con skull ,68.82,42.64,109.26,N
increase r,4.6,0.25,20.89,N
taking cue,39.11,15.12,163.6,N
tit baltic,65.32,85.23,69.04,N
fair value,78.85,78.76,71.15,P
addition s,58.71,20.11,112.26,N
customer s,74.44,46.86,44.48,P
august fin,112.73,127.22,127.47,N
following ,83.3,49.3,118.09,N
acquired p,54.24,61.3,53.48,N
company co,85.96,81.91,83.78,P
airbus att,23.23,15.82,44.6,N
ll voice d,102.69,84.12,141.48,N
commission,41.88,50.24,62.45,N
demeanor b,68.84,62.94,76.05,N
pulp produ,29.83,55.63,34.73,N
paternoste,20.93,7.09,24.8,N
february f,116.33,71.7,97.8,P
nokia said,80.53,55.27,103.81,N
maelstrom ,64.66,38.8,83.06,N
finnish co,146.01,93.57,128.66,P
profit tax,18.35,19.16,20.32,N
operating ,53.92,50.18,68.3,N
pleased in,20.34,22.46,56.35,N
paternoste,70.25,42.03,91.89,N
stage maxi,51.89,37.77,72.97,N
yakima cre,13.94,7.38,45.09,N
newspeak f,103.28,132.91,114.29,N
approximat,38.3,7.78,35.04,P
aristoteli,115.66,50.6,90.82,P
according ,44.65,29.69,90.34,N
uncap cont,38.11,27.55,40.28,N
following ,64.86,27.84,70.16,N
operating ,62.2,65.19,81.86,N
total inve,30.82,24.92,31.34,N
finnish hi,94.54,84.6,103.64,N
company al,68.14,50.76,89.04,N
spokespers,29.99,15.0,61.94,N
company ma,125.28,89.85,120.09,P
london mar,76.07,122.94,82.01,N
according ,34.49,44.55,74.6,N
alexandria,56.94,29.98,117.73,N
finnish wa,88.86,109.22,100.63,N
second qua,38.2,35.1,40.28,N
trucks fea,36.47,39.11,95.59,N
electronic,46.79,15.82,84.16,N
order incl,94.53,54.91,132.87,N
shock phas,51.77,31.07,53.57,N
broad base,33.19,42.76,97.08,N
due rapid ,127.94,96.86,108.71,P
art minist,53.78,13.65,98.76,N
rap ala sa,87.77,47.7,80.44,P
value orde,18.8,21.85,19.0,N
finnish te,110.06,104.75,118.12,N
welcome,0.62,0.25,7.69,N
microsoft ,54.89,59.14,91.72,N
total orde,47.26,43.15,61.27,N
value tota,27.06,28.28,23.42,N
commenting,48.21,20.88,74.65,N
london lea,60.01,40.24,52.03,P
company al,46.97,19.73,20.81,P
new chain ,12.11,23.16,31.98,N
deliveries,50.23,19.58,44.78,P
keno annua,45.95,41.7,42.48,P
operating ,61.79,61.72,81.21,N
eu law iss,13.53,15.41,40.28,N
according ,50.8,47.62,64.77,N
adp news f,133.06,155.56,134.95,N
operating ,35.6,33.52,51.13,N
memetic ex,42.11,41.49,41.43,P
machinery ,81.51,58.73,113.91,N
government,45.51,27.41,75.77,N
cash flow ,59.1,61.51,65.54,N
alexandria,89.31,46.68,161.41,N
increase n,57.29,47.74,67.03,N
abb deutsc,83.05,35.66,82.74,P
finnish fi,115.28,95.87,103.32,P
operating ,63.6,64.74,65.3,N
net profit,43.68,43.63,45.55,N
meal sales,42.63,50.86,49.89,N
pretax los,49.1,50.94,69.71,N
coquelicot,56.18,44.69,86.83,N
order comp,42.61,15.12,101.41,N
feed compa,13.44,7.09,59.75,N
operating ,48.63,56.85,46.56,N
flagship o,22.02,22.06,74.78,N
maritimer ,74.9,58.43,77.61,N
proposal s,64.81,46.04,104.49,N
alexandria,49.08,21.94,108.88,N
operating ,39.58,39.51,48.35,N
demeanor c,35.62,55.58,71.53,N
february f,123.23,74.7,115.57,P
el cow spe,39.19,32.83,66.72,N
march finn,122.17,190.85,129.75,N
bm middle ,20.59,7.38,63.54,N
changes bu,35.19,39.51,99.81,N
total valu,26.1,20.38,21.58,P
capacity f,60.31,51.09,60.02,P
sales fell,21.23,22.62,31.37,N
following ,72.52,38.53,145.84,N
contract i,39.91,29.4,47.96,N
first solu,106.18,76.98,95.45,P
company al,32.99,43.43,67.16,N
financial ,13.41,14.31,16.66,N
extracted ,45.58,7.38,115.09,N
acquired b,96.51,50.08,168.82,N
first quar,73.92,72.15,72.89,P
pretax los,49.1,50.94,69.71,N
earnings p,28.55,37.05,36.01,N
third quar,63.13,71.48,60.8,N
company se,124.91,88.59,151.14,N
agreement ,67.79,54.67,57.84,P
insurer an,41.12,38.1,26.84,P
emirate in,62.91,34.46,75.63,N
lining sto,75.71,38.1,63.09,P
xerox stor,79.55,50.24,56.13,P
dec grimal,46.34,40.14,48.52,N
financial ,5.32,6.28,24.11,N
managing d,80.1,20.96,61.66,P
also stren,71.2,14.72,48.42,P
electricit,13.53,15.82,38.09,N
disappoint,14.85,31.07,13.05,N
present po,42.59,38.53,46.78,N
consolidat,36.14,29.75,55.65,N
food sales,51.3,52.91,53.17,N
porphyry c,56.95,37.03,81.78,N
om helsink,40.28,40.86,40.1,N
company no,44.72,40.99,50.77,N
member one,29.42,7.09,62.61,N
according ,94.24,41.64,67.72,P
outvote sc,51.63,47.55,106.99,N
cs cabot e,72.41,64.56,148.28,N
total proj,37.55,32.77,41.84,N
building s,33.84,31.4,32.1,P
pes quarte,52.05,42.24,57.22,N
acquisitio,65.49,42.63,62.31,P
transactio,127.47,43.19,89.83,P
viator sel,66.5,15.41,81.2,N
unaudited ,41.17,28.32,53.71,N
unit plann,41.11,25.83,45.59,N
front surf,15.55,0.25,46.71,N
developmen,28.79,23.85,65.64,N
q bank lan,44.89,55.24,46.95,N
correspond,24.05,26.05,40.81,N
group mont,38.92,38.91,37.31,P
technical ,74.76,7.09,43.03,P
relations ,44.88,93.56,56.45,N
groups tur,76.23,50.98,73.63,P
us federal,34.48,29.98,75.99,N
reporting ,93.32,72.89,97.59,N
stock rose,67.69,42.41,54.73,P
prerequisi,75.89,29.26,102.38,N
september ,26.24,27.44,31.14,N
maritime o,47.63,36.25,59.65,N
deal also ,28.59,19.44,39.38,N
finnish in,81.91,46.96,108.57,N
pleased wo,119.22,32.99,71.44,P
eel headqu,4.66,5.64,25.37,N
maelstrom ,60.74,33.6,75.19,N
company ne,44.84,41.87,47.8,N
part reduc,13.2,15.82,33.91,N
eq complet,90.0,90.73,126.09,N
according ,119.37,68.06,75.26,P
elsewhere ,22.54,7.78,36.93,N
finnish gl,99.11,115.21,116.87,N
baltic cou,25.14,24.18,24.2,P
maximum em,56.79,43.1,75.8,N
agreement ,101.09,45.35,150.27,N
finnish op,126.03,41.23,85.79,P
transactio,26.27,15.12,30.73,N
pharmaceut,69.39,65.7,101.36,N
concept en,96.07,38.01,75.89,P
major part,78.4,55.67,119.7,N
volume foc,73.43,62.95,64.28,P
memetic us,34.53,13.74,47.34,N
sweden ope,47.67,43.8,58.54,N
company pa,50.62,42.76,43.74,P
operating ,56.9,56.87,73.39,N
order also,69.6,37.21,75.71,N
event also,12.71,6.68,40.33,N
contract v,21.46,32.52,31.88,N
applicatio,28.83,0.25,59.25,N
operating ,20.9,15.87,19.08,P
uncap cont,80.61,21.37,66.61,P
continued ,59.65,33.58,79.46,N
operating ,62.01,72.81,86.26,N
techno pol,36.04,15.12,38.82,N
march gold,122.97,160.17,119.47,N
seventy th,47.28,35.81,94.69,N
last year ,136.27,64.19,116.59,P
rate headq,57.07,54.24,65.28,N
besides ou,4.94,7.09,34.43,N
correspond,58.83,39.81,63.31,N
preliminar,38.71,14.9,44.54,N
finnish fi,65.31,63.35,69.11,N
analysts s,42.17,45.6,48.95,N
financial ,24.5,34.99,55.64,N
credit cov,20.93,7.09,29.84,N
company fi,14.01,16.55,20.74,N
company sa,30.18,9.82,34.37,N
desk reach,38.3,22.75,57.78,N
transactio,20.13,14.72,25.95,N
following ,50.33,44.95,132.73,N
adp news n,140.69,130.4,143.5,N
financial ,13.41,14.31,18.33,N
undergroun,4.63,6.68,47.26,N
company an,37.6,55.11,61.73,N
net profit,35.42,23.75,42.99,N
finnish ks,46.1,35.7,52.38,N
lvi posted,55.95,39.22,44.1,P
total stoc,27.71,27.86,41.66,N
thus sysop,55.88,34.15,113.33,N
rory fitzg,190.42,82.28,107.96,P
company ne,21.65,23.3,24.6,N
specialty ,33.47,28.71,36.28,N
company ma,30.72,26.06,46.69,N
tolyatti u,57.88,41.16,97.95,N
finnish ba,65.2,68.14,77.71,N
latest res,72.58,79.16,98.25,N
last month,115.45,68.67,102.24,P
humankind ,139.72,100.72,169.66,N
however sa,56.68,39.18,51.57,P
metabolism,28.92,7.09,39.9,N
recently c,52.31,39.96,76.17,N
know exist,3.43,4.81,27.76,N
department,49.23,48.52,51.33,N
swedish su,99.46,67.29,163.86,N
combinatio,183.88,59.92,154.75,P
pm om hels,54.03,64.97,57.72,N
ornithine ,30.92,34.44,57.35,N
waste burn,7.46,7.78,27.76,N
guangzhou ,47.51,37.16,145.91,N
passenger ,29.24,22.75,76.96,N
copying re,42.28,21.25,127.92,N
finnish be,77.03,83.91,87.28,N
second qua,82.52,66.95,74.07,P
compel cor,117.11,72.42,167.09,N
emirate sh,33.04,34.88,30.56,N
recruits c,29.64,31.88,79.37,N
stockman s,146.85,92.91,130.77,P
dialing pa,0.62,7.78,36.28,N
financial ,13.0,6.28,24.62,N
equipment ,56.04,47.15,58.28,N
september ,138.82,98.86,107.42,P
diluted ea,39.83,40.21,36.01,N
finnish pa,13.75,15.16,65.09,N
posse proj,58.56,41.75,60.46,N
fourth qua,42.49,51.55,60.67,N
projected ,59.58,49.88,62.81,N
agreement ,52.36,44.12,75.17,N
ruskin rom,103.59,65.25,89.93,P
price give,91.86,67.62,140.57,N
demeanor c,14.63,15.82,28.01,N
fixed term,95.15,63.5,104.04,N
establishe,104.79,71.33,112.97,N
ova press ,45.81,0.25,52.32,N
part agree,56.16,38.59,73.5,N
cash flow ,62.91,67.32,56.79,N
cooperatio,98.99,73.49,127.64,N
metamerism,53.07,26.13,96.67,N
cognomen c,131.72,37.72,155.45,N
say catego,28.53,38.7,86.4,N
us based c,89.22,49.4,134.68,N
finland po,131.55,87.04,83.58,P
sales mid ,17.83,32.86,27.56,N
finnish me,88.13,84.88,99.51,N
september ,54.44,53.79,55.21,N
implementa,80.85,22.93,82.65,N
svyturysut,107.63,79.48,73.07,P
maritimer ,73.97,13.91,44.5,P
device vol,32.87,39.09,37.78,N
repeats se,28.36,69.83,29.22,N
escargot c,172.81,117.98,151.72,P
also seven,31.66,27.07,42.61,N
developed ,43.75,14.49,47.07,N
group orde,31.11,40.36,43.88,N
finnish cu,127.96,134.3,129.58,N
currently ,63.91,50.84,134.24,N
ml euro ml,74.5,74.99,89.24,N
utility al,52.88,28.18,76.21,N
isms discl,16.54,26.31,36.82,N
fores trie,110.52,55.11,80.4,P
sales pric,9.93,11.63,15.59,N
erika over,101.61,66.88,135.43,N
wood lacqu,22.94,23.85,61.42,N
yare suomi,53.83,43.85,112.29,N
according ,29.97,49.32,53.98,N
coquelicot,63.9,45.65,110.48,N
operating ,45.18,45.4,60.92,N
finnish re,150.94,93.24,109.78,P
announced ,39.26,36.09,24.82,P
katharsis ,157.32,48.17,106.89,P
profit tax,34.47,35.96,43.13,N
sales finl,31.99,45.81,38.07,N
financial ,5.32,6.28,16.81,N
according ,55.97,43.18,63.05,N
company un,36.67,34.88,67.94,N
new plant ,46.92,31.19,72.65,N
cash flow ,60.16,64.0,66.15,N
measures l,23.02,23.48,46.63,N
adp news e,174.77,131.88,148.19,P
riots halo,59.3,43.83,87.16,N
rm jokjaka,67.47,50.64,78.76,N
rm nikko v,65.43,32.9,146.87,N
finnish ge,21.21,36.77,31.37,N
robust gro,59.8,41.24,54.07,P
also pct m,52.16,41.15,42.17,P
turnover s,82.59,76.12,83.19,N
finnish na,82.52,88.68,88.68,N
loss finan,54.77,56.28,72.47,N
baltic cou,33.61,29.06,41.11,N
past years,78.55,93.73,122.58,N
reported o,25.15,24.59,18.64,P
jensen ein,38.51,36.81,83.79,N
new majori,98.67,39.23,171.29,N
mare bough,56.74,11.59,79.79,N
short term,42.29,23.04,81.03,N
situation ,52.45,52.47,39.56,N
gladstone ,56.92,49.28,64.83,N
however an,89.87,82.0,83.16,P
operating ,21.92,28.4,37.58,N
plant expe,19.19,38.82,38.67,N
master may,48.72,22.19,97.94,N
sente oil ,52.4,48.27,56.13,N
thus group,39.78,26.24,50.61,N
five diffe,35.95,14.72,126.18,N
space blon,14.45,31.88,77.2,N
finnish te,89.57,101.02,70.8,N
compensati,5.96,14.72,28.81,N
reason st ,27.76,46.34,74.51,N
building h,38.74,46.41,48.15,N
lietuva re,98.59,41.66,43.58,P
according ,81.18,74.71,57.54,P
finnish sp,39.97,19.67,74.2,N
nh generat,30.74,34.04,52.19,N
cen corp e,87.37,70.68,81.72,P
symphony s,25.13,7.78,43.42,N
agreement ,16.46,12.37,27.41,N
simultaneo,34.96,22.75,72.03,N
upmkymmene,26.36,28.1,41.33,N
q consolid,75.67,79.06,95.12,N
operating ,21.92,23.53,29.36,N
redesigned,87.34,74.74,111.96,N
following ,54.18,21.55,68.44,N
bit exclud,46.62,45.52,57.3,N
tailored s,94.44,20.65,77.29,P
raisin sit,39.08,27.77,47.23,N
addition c,128.58,40.01,109.78,P
capacity c,44.44,51.78,36.93,N
however bo,58.03,33.0,47.35,P
net profit,21.74,24.75,25.6,N
share deal,22.61,26.05,21.07,N
start nego,42.36,46.3,53.75,N
lab headqu,67.35,41.11,98.17,N
share enti,11.83,20.81,25.54,N
operating ,73.3,68.51,95.77,N
put costly,27.16,14.31,73.69,N
pleased fi,52.68,28.1,53.4,N
revenue gr,40.4,39.9,36.58,P
groupthink,53.89,35.52,55.52,N
revenue ju,58.78,53.45,54.5,P
coppola gr,57.96,28.62,75.52,N
financial ,5.32,6.28,19.06,N
major brew,82.1,84.01,66.1,N
net intere,30.9,34.56,37.61,N
product ra,21.69,0.25,65.59,N
skyros inv,27.83,22.02,38.63,N
bootie mes,126.56,15.82,183.29,N
company bo,42.78,40.27,48.16,N
combining ,103.42,14.31,68.24,P
route hels,87.62,91.09,87.4,N
important ,43.13,31.07,45.16,N
allows you,43.64,7.38,37.17,P
memorandum,107.67,38.81,61.88,P
approval s,33.65,26.57,44.02,N
net sales ,98.43,86.24,100.47,N
components,63.41,62.21,77.23,N
finnish co,97.6,64.17,140.95,N
business t,54.86,50.19,77.43,N
niklaus so,40.12,19.71,67.86,N
online ice,36.09,45.41,83.04,N
valais hea,62.65,55.0,90.19,N
plant fire,13.35,7.78,78.06,N
china finn,143.18,50.15,108.4,P
villainess,87.96,72.68,98.22,N
helsinki f,127.41,57.06,108.18,P
rs shares ,35.8,28.45,38.02,N
finnish es,58.07,50.02,60.48,N
transactio,68.54,42.58,86.79,N
share subs,21.82,23.14,49.82,N
ruskin gro,32.16,51.12,24.97,N
ki john ki,63.17,45.65,93.13,N
invention ,14.85,7.09,35.63,N
company bo,45.77,35.09,46.58,N
secure onl,30.62,0.25,100.47,N
nokia cap ,31.49,35.79,75.71,N
company pr,68.51,35.39,49.02,P
net sales ,20.88,30.55,25.39,N
azo tit mo,22.13,15.12,60.89,N
may finnis,149.23,137.93,150.46,N
downloadab,61.07,15.0,121.18,N
new compan,44.69,35.11,73.67,N
outvote ne,72.18,71.46,73.97,N
diluted ea,46.53,47.84,36.01,N
contract a,75.84,28.59,115.2,N
consolidat,30.63,37.75,47.53,N
management,24.29,29.53,46.07,N
company sa,105.47,82.78,115.49,N
campo pl j,123.16,125.14,202.97,N
focus impr,46.25,18.74,23.37,P
contrast c,72.73,71.67,72.15,P
femininene,28.32,14.72,48.62,N
meal part ,87.42,87.35,82.93,P
addition c,31.65,27.36,34.19,N
finnish te,132.12,115.83,126.44,P
company ex,45.25,46.71,45.4,N
purchase s,22.7,17.35,32.53,N
today oran,56.52,21.65,102.92,N
group net ,34.77,38.79,39.4,N
fixing hom,92.93,42.11,67.22,P
nordic inf,46.78,28.89,43.46,P
central eu,35.31,13.74,37.95,N
finnish de,108.5,114.04,122.64,N
subscripti,31.13,26.95,53.34,N
fourth qua,71.31,51.0,79.88,N
orders chl,43.19,21.94,57.45,N
company co,96.02,93.06,94.02,P
steelmaker,83.72,166.93,90.71,N
net profit,88.64,95.06,85.28,N
finnish la,122.29,139.57,129.69,N
finnish me,45.36,80.52,57.15,N
operating ,56.9,56.87,73.39,N
noma magaz,47.44,37.37,46.37,P
welcome,0.62,0.25,7.69,N
know peopl,7.46,7.78,13.43,N
lama media,59.85,46.07,53.45,P
october fi,106.54,89.53,111.4,N
rm doting ,74.41,64.81,95.78,N
cen corp h,78.71,47.49,93.86,N
sandblaste,110.72,96.78,138.85,N
ethanol wo,27.69,29.69,44.61,N
ssh commun,109.95,137.23,123.83,N
ursula sai,19.6,12.85,59.67,N
profitabil,25.77,26.63,22.47,N
helsinki t,142.17,186.77,126.1,N
rm barman ,53.85,33.61,105.75,N
two contra,66.78,15.82,101.49,N
paper comp,83.22,49.85,143.89,N
operating ,51.02,49.87,67.31,N
finnish me,83.87,85.62,92.35,N
acquisitio,49.06,36.65,62.88,N
value orde,19.62,22.14,19.98,N
october fi,130.46,89.71,144.77,N
customer l,94.29,74.17,113.34,N
deal inclu,27.98,7.78,43.3,N
last july ,88.33,40.43,134.52,N
st petersb,201.42,114.92,140.07,P
aristoteli,78.43,37.84,63.61,P
acquisitio,73.49,39.11,69.36,P
two sites ,14.04,7.78,26.86,N
nw analysi,0.62,0.25,14.24,N
finnish em,42.52,60.12,59.06,N
finnish co,77.19,41.14,68.71,P
aim achiev,35.82,7.17,32.69,P
addition v,55.33,22.46,102.31,N
new partne,47.35,15.12,39.99,P
transactio,63.59,11.76,87.49,N
uncap head,59.66,46.49,64.45,N
helsinki f,83.52,69.46,84.04,N
output con,14.85,7.78,30.15,N
liquid han,102.03,84.08,170.09,N
according ,105.06,70.69,81.16,P
finnish de,99.07,133.31,117.53,N
brassware ,18.57,30.38,31.86,N
holds perc,45.82,34.47,78.52,N
growth net,66.05,15.88,52.98,P
proposal b,57.46,53.67,62.75,N
copper lea,23.16,81.6,39.85,N
establishe,68.71,59.8,69.24,N
joint vent,47.53,17.8,50.2,N
savor koul,72.66,41.0,63.55,P
profit per,21.67,23.67,29.99,N
august cam,20.93,22.6,24.15,N
german com,52.41,29.28,136.68,N
maximum am,15.74,33.36,48.06,N
superior c,71.32,14.31,60.99,P
simmons el,65.27,46.16,127.08,N
business a,59.91,50.33,52.83,P
operating ,72.31,75.29,97.23,N
diluted pe,23.65,22.1,17.55,P
member boa,63.43,55.29,68.9,N
medium ter,26.13,35.39,46.96,N
value cont,18.65,21.16,18.64,N
satsuma ne,43.58,34.42,54.28,N
valais pre,28.45,23.04,80.38,N
contract i,41.48,37.72,78.07,N
changes me,38.71,40.66,46.78,N
financial ,45.85,55.63,63.79,N
chapman ha,27.75,13.06,39.87,N
chapman as,53.28,25.43,63.27,N
total capa,40.8,27.18,36.58,P
hand paint,44.8,23.44,97.98,N
finnish co,61.19,91.92,64.44,N
according ,99.58,83.48,120.39,N
energy sho,23.63,15.12,52.19,N
moderate s,65.5,39.0,41.76,P
compass sa,82.54,41.34,113.21,N
business g,65.7,52.81,89.63,N
nokia pct ,45.87,23.22,31.01,P
capitate k,48.95,7.78,51.31,N
financial ,68.79,69.12,70.34,N
pretax pro,52.55,55.01,60.89,N
rate poste,73.84,79.36,90.48,N
net cash f,64.12,66.85,70.24,N
cash flow ,47.57,51.74,49.84,N
lee man pa,115.27,28.72,79.67,P
proline pl,47.96,59.59,124.26,N
excluding ,42.4,35.01,42.86,N
recently f,120.5,84.25,164.96,N
rate said ,133.86,108.89,120.94,P
tesla grou,30.21,26.13,35.06,N
accordance,83.42,89.28,120.75,N
helsinki m,97.75,80.88,121.91,N
helsinki f,171.07,119.38,136.39,P
alienator ,62.55,82.06,72.05,N
contract a,81.12,34.48,127.16,N
db norway ,54.85,61.13,105.46,N
order cons,60.43,32.54,62.92,N
first quar,45.08,47.47,63.72,N
company di,53.6,51.18,80.56,N
stor chief,59.37,112.92,71.81,N
following ,115.62,50.38,88.28,P
sente oil ,52.64,67.36,101.1,N
pretax los,34.07,35.28,46.29,N
talent um ,29.08,21.14,53.47,N
revenue qu,43.17,47.45,48.23,N
brutalizat,45.89,21.5,66.58,N
lama media,53.67,55.08,59.46,N
orders con,44.4,30.09,118.31,N
stakeholde,28.42,37.32,97.7,N
sales rose,66.13,42.41,50.46,P
first indu,60.57,32.35,105.89,N
net sales ,62.43,46.31,60.93,P
cranes wou,43.62,6.68,85.97,N
significan,18.1,13.74,40.5,N
operating ,42.5,53.8,65.3,N
demand bri,46.73,44.91,41.1,P
company or,98.47,82.19,74.35,P
adjustment,38.2,52.12,35.67,N
polish bus,27.84,31.34,42.0,N
second qua,49.91,47.88,63.54,N
unlisted b,14.85,7.78,112.25,N
celeste se,62.21,14.9,63.11,N
value cont,20.63,22.55,20.27,N
london mar,112.84,82.55,90.86,P
said contr,36.43,34.24,29.97,P
breakfast ,65.95,46.67,86.89,N
rim vesta ,85.89,71.71,125.76,N
pert ti er,34.73,20.42,54.69,N
ramirez fi,55.3,44.85,67.64,N
investment,48.95,36.52,45.56,P
finnish en,56.9,54.34,111.03,N
finnish co,101.4,92.87,117.17,N
organizati,10.97,13.62,34.1,N
celeste of,50.63,28.3,42.72,P
sales secu,36.11,42.73,39.05,N
managing d,83.58,95.25,91.62,N
q profit t,45.94,45.18,51.87,N
report goe,58.84,29.69,104.88,N
operating ,26.5,23.53,37.58,N
speaking d,112.16,55.5,75.19,P
second qua,49.61,54.03,61.27,N
newspeak a,80.67,113.36,102.2,N
unilever t,34.41,21.77,47.09,N
company re,99.95,89.89,134.54,N
bacon rece,64.14,38.19,82.08,N
value orde,19.62,22.14,19.98,N
operating ,71.62,54.94,82.68,N
individual,51.31,14.31,34.32,P
january tr,105.03,58.09,54.32,P
company al,100.63,26.85,54.84,P
business s,24.61,20.74,40.86,N
vac system,37.1,23.68,38.72,N
finnish te,141.79,98.37,127.41,P
total mill,24.69,26.96,22.01,N
rid radio ,46.39,7.78,98.41,N
officials ,11.62,13.74,23.96,N
om nordic ,56.0,103.0,82.33,N
pleased pr,71.73,47.1,67.61,P
company sa,148.51,64.85,88.01,P
finnish se,141.51,101.77,134.65,P
agreement ,18.63,7.78,26.06,N
launch pla,71.88,30.28,70.0,P
chapman fi,109.98,112.28,108.85,N
ruskin del,62.87,38.3,95.48,N
policy als,49.31,22.06,39.57,P
recent tec,91.82,53.39,136.57,N
bank mitsu,12.66,22.35,48.84,N
celeste bk,40.82,30.38,93.66,N
combined c,58.0,63.47,70.16,N
wayne gree,56.11,28.91,112.6,N
expanded p,43.21,14.56,38.89,P
according ,108.15,97.76,178.71,N
sales loca,67.33,82.54,92.84,N
alliance a,33.59,21.77,113.38,N
diluted lo,34.62,32.05,26.87,P
talks aime,41.26,20.81,35.42,P
according ,98.22,107.44,77.63,N
mobile pho,89.15,74.68,84.49,P
mure contr,24.27,20.38,33.88,N
recovery e,93.63,53.57,74.62,P
forum expe,76.33,77.62,92.18,N
czech repu,81.9,62.5,113.67,N
patrick ba,34.02,22.35,89.34,N
motorola w,79.76,50.01,107.51,N
vessel ord,85.24,45.06,85.04,P
module pro,42.17,34.73,53.24,N
profit tax,41.83,43.39,51.46,N
bal tics m,49.74,23.16,54.29,N
sente oil ,60.28,59.09,78.85,N
percentage,70.33,46.87,101.72,N
acquisitio,19.74,46.7,55.82,N
pharmaceut,80.22,35.35,80.62,N
name compa,31.12,17.33,40.94,N
finnish ta,81.61,86.98,99.56,N
acquisitio,11.99,15.12,17.09,N
sales came,65.17,40.49,57.08,P
offer clie,80.26,28.15,87.35,N
keno share,36.19,45.4,34.53,N
asp net sa,28.77,22.59,30.4,N
lama media,50.85,45.2,50.28,P
total valu,29.64,31.66,25.57,N
cant under,14.85,22.35,63.03,N
actions ex,45.11,21.37,39.39,P
started so,44.24,14.49,119.63,N
ipad appli,19.19,15.12,83.5,N
one head b,51.33,14.72,90.03,N
financier ,76.49,107.15,81.68,N
contract a,38.76,44.78,62.63,N
however gr,32.13,48.82,40.51,N
finnish el,183.89,91.74,126.65,P
body credi,20.34,6.08,35.51,N
dividends ,19.0,12.77,53.11,N
cooper sh ,128.2,66.68,88.97,P
paternoste,76.14,46.2,89.24,N
featuring ,39.96,11.32,141.35,N
besides de,18.0,43.8,98.67,N
net sales ,41.83,37.54,50.4,N
constructi,79.27,61.78,76.4,P
bridge par,26.93,15.41,31.06,N
contract c,26.04,6.39,36.67,N
poorest in,37.31,55.21,42.46,N
value orde,26.57,31.14,24.6,N
bank sees ,39.67,19.99,40.27,N
finnish me,91.83,58.75,61.48,P
pretax pro,49.41,51.55,66.3,N
finnish oo,75.37,46.65,59.08,P
helsinki f,108.76,57.38,77.48,P
according ,69.01,52.34,73.13,N
capital ex,29.71,69.53,34.62,N
m communic,61.36,39.0,74.07,N
clothing r,72.37,58.91,79.56,N
via move c,82.02,55.04,75.88,P
lama media,58.43,59.78,57.37,N
issue came,44.43,22.46,74.14,N
financial ,75.59,48.03,90.51,N
group cumu,54.09,51.95,69.8,N
operating ,48.05,50.02,63.11,N
company pu,23.69,11.29,28.13,N
since asso,122.31,141.93,104.66,N
new factor,90.47,67.46,75.35,P
special ev,30.83,27.52,86.04,N
sandblaste,157.92,121.32,134.86,P
study eval,7.46,0.25,111.15,N
company ex,33.87,37.6,34.73,N
finnish pl,93.3,111.26,117.97,N
products i,141.18,91.69,187.24,N
operating ,43.84,46.29,57.24,N
look forwa,68.58,36.49,76.22,N
keno liste,35.15,27.9,29.99,P
finnish li,150.81,75.19,112.51,P
narrows ru,139.55,102.97,135.08,P
furthermor,90.58,65.52,77.77,P
bred using,119.49,113.13,151.58,N
lee man co,82.68,74.64,76.53,P
company co,40.92,12.8,57.76,N
order wort,18.95,14.51,21.14,N
acquisitio,46.33,28.43,38.77,P
however ne,31.36,41.82,43.19,N
restructur,142.12,85.69,128.06,P
market val,50.03,45.64,68.25,N
expanded c,31.36,20.14,36.98,N
previously,74.16,54.23,74.12,P
sources sa,56.93,56.79,91.14,N
local gove,75.98,60.45,108.91,N
indigo sol,24.31,11.38,51.29,N
russian ex,64.36,40.41,47.12,P
finnish el,146.81,101.54,121.04,P
platform w,35.78,14.72,47.41,N
group busi,67.84,56.65,64.23,P
part reorg,64.98,47.95,99.79,N
airline ta,47.09,42.36,103.72,N
rm ashley ,54.33,67.82,99.15,N
outvote jo,157.84,59.43,100.04,P
bred using,115.82,110.71,146.47,N
benefactio,54.36,36.01,77.02,N
interim re,38.61,31.84,35.07,P
restorativ,42.53,30.38,67.21,N
according ,49.41,49.27,62.73,N
operating ,21.92,23.53,29.36,N
speakerpho,67.64,65.74,66.03,P
secure fil,37.39,15.41,75.54,N
terms tran,14.45,15.12,28.36,N
offer mill,84.12,62.9,81.62,P
today busi,44.55,33.84,89.14,N
constructi,26.76,22.46,23.79,P
initial es,45.4,48.41,49.13,N
strike fin,44.12,61.88,56.95,N
group said,69.29,51.96,103.52,N
demeanor g,77.7,88.95,82.98,N
resulted i,31.5,20.35,10.43,P
layoffs af,42.2,50.45,33.98,N
adp news o,139.97,107.52,126.95,P
finnish so,105.3,121.61,115.93,N
order comp,63.84,40.17,72.91,N
finnish pu,118.83,121.54,119.57,N
july quadr,57.37,29.65,82.19,N
one also a,26.58,29.4,95.88,N
production,20.86,43.52,25.31,N
deal signi,47.86,28.86,42.94,P
changes bu,28.02,31.48,76.94,N
plan estim,61.85,37.04,62.33,N
fair value,64.47,67.85,68.95,N
company us,58.99,33.95,77.34,N
apple inc ,70.32,51.29,119.16,N
alsatia op,37.8,26.03,36.35,P
meal corpo,130.34,128.22,174.33,N
acquisitio,34.79,45.43,29.83,N
sunrise re,70.35,54.37,85.07,N
raisin bid,116.67,51.78,101.37,P
group net ,50.22,53.79,61.25,N
earnings p,44.74,48.28,45.06,N
brassware ,41.08,30.97,70.77,N
significan,21.03,19.95,23.35,N
first nine,57.37,49.82,62.3,N
company ge,34.97,30.48,49.91,N
earnings p,36.63,39.39,36.36,N
outsourcin,66.8,35.85,86.81,N
cs cabot m,35.01,29.4,96.46,N
see new ha,21.11,15.12,40.99,N
finnish fl,91.05,82.52,97.36,N
finnish fo,77.44,78.47,85.16,N
investment,27.91,14.29,25.93,P
scantily h,39.12,48.49,57.83,N
restructur,50.38,52.98,47.01,N
prices del,40.89,49.26,40.75,N
order incl,25.01,22.06,51.39,N
annual net,44.12,48.08,45.77,N
issuer sol,7.46,7.78,35.41,N
could us,5.11,6.28,12.43,N
operating ,49.55,50.16,59.53,N
purchase p,56.81,36.18,56.92,N
trying dea,34.4,22.75,117.44,N
share capi,25.16,28.21,21.26,N
result als,62.63,87.5,58.72,N
passenger ,29.37,26.7,36.77,N
stock exch,75.26,71.59,76.78,N
revivalist,146.36,56.44,119.53,P
new units ,69.51,35.24,90.42,N
finnish pr,84.5,61.41,136.8,N
according ,83.44,35.8,56.99,P
finnish re,89.42,55.62,94.84,N
note clien,98.75,65.85,128.55,N
company sl,32.21,42.73,38.71,N
company tu,62.46,61.29,56.42,P
london fax,107.48,59.96,104.21,P
export acc,45.27,56.64,61.15,N
category m,0.62,0.25,31.37,N
maelstrom ,68.64,41.82,80.89,N
ruskin ann,92.23,57.52,59.97,P
memetic bo,71.6,47.03,73.65,N
hour news ,27.21,20.55,74.75,N
divested s,28.0,20.54,35.39,N
revenue gr,42.3,42.54,31.5,N
year compa,11.81,30.04,28.2,N
nokia shar,88.81,99.17,82.69,N
wife looki,49.42,23.85,130.28,N
commission,44.47,44.3,46.61,N
bring cost,30.32,11.89,37.43,N
eel compos,32.0,12.1,101.09,N
mall finan,102.16,49.7,139.6,N
supported ,36.67,15.41,244.93,N
remote rad,29.37,15.41,89.2,N
finnish co,116.82,127.23,121.61,N
biggest ch,34.16,20.07,56.99,N
agreed com,33.48,36.9,40.63,N
terms cond,26.08,43.14,63.09,N
finnish la,95.94,40.65,64.59,P
image data,27.76,22.35,96.57,N
together g,15.55,0.25,29.24,N
statutory ,13.76,23.85,34.53,N
posse divi,43.55,20.35,58.61,N
outvote he,59.38,43.87,82.91,N
company co,28.21,24.8,75.6,N
stook toda,18.36,20.55,68.6,N
remainder ,38.89,20.19,60.38,N
kurilian d,66.88,51.15,93.02,N
stor ens n,53.24,56.87,63.95,N
shares hel,44.94,38.9,68.61,N
rothko sta,77.77,26.16,96.44,N
done domes,13.06,0.25,44.96,N
country fi,107.26,92.91,154.04,N
contract d,88.71,22.46,55.16,P
paper comp,84.85,101.87,79.75,N
negotiatio,55.77,75.73,76.5,N
company pr,25.63,11.09,21.42,P
brassware ,107.28,62.94,78.76,P
rm print k,121.11,50.94,96.91,P
first nine,54.23,55.94,67.71,N
sports equ,68.41,42.95,50.18,P
sale resul,52.51,76.43,70.95,N
price talk,40.68,36.74,91.63,N
implementi,87.67,24.89,64.59,P
value orde,19.62,22.14,19.98,N
jura jorda,144.12,57.78,107.61,P
papilionac,134.04,81.49,99.94,P
currently ,22.42,23.44,31.07,N
financial ,99.1,56.74,183.35,N
upgrade in,123.7,47.55,101.61,P
group reve,52.37,47.9,51.94,P
st finland,158.68,73.21,130.49,P
operating ,57.2,70.57,86.67,N
auto tank ,32.25,28.15,43.94,N
division a,39.26,34.92,53.37,N
financial ,11.46,14.31,22.72,N
give bedro,15.55,0.25,38.09,N
following ,30.84,16.33,34.45,N
part agree,42.06,30.56,74.58,N
according ,61.02,58.51,102.62,N
merrill ly,83.04,0.25,51.73,P
server res,75.16,22.75,97.41,N
plant woul,87.75,30.79,83.78,P
company ne,35.59,39.27,44.81,N
finnish ks,114.56,35.05,105.21,P
net sales ,46.16,39.0,55.26,N
bacon cash,55.87,46.69,59.0,N
final pric,37.17,17.17,40.55,N
value orde,18.8,21.85,19.0,N
real estat,85.94,123.22,94.65,N
second com,88.79,67.3,119.81,N
method sys,43.7,13.27,117.33,N
assignment,81.31,44.66,69.89,P
spokesman ,53.04,57.54,67.29,N
changes ma,64.05,118.36,75.45,N
deal proce,64.84,50.77,124.74,N
net profit,22.49,24.4,28.69,N
earnings p,40.23,43.4,41.81,N
stockman e,62.32,52.39,70.29,N
ferries ru,37.74,61.83,27.67,N
operating ,63.07,57.01,82.25,N
prior tran,61.87,40.95,68.84,N
equity rat,78.29,50.49,85.37,N
operating ,47.25,48.84,63.07,N
finland ba,75.39,76.23,83.45,N
nd disclos,0.62,0.25,14.07,N
new shares,115.0,114.25,122.41,N
group pay ,36.44,31.93,53.72,N
operations,87.54,54.97,81.86,P
rue mn net,23.74,26.91,27.33,N
compel sli,30.28,47.06,46.26,N
company re,11.16,12.39,18.21,N
boomerange,65.64,35.93,128.52,N
contract c,42.36,13.74,109.79,N
finnish pl,67.44,82.44,88.3,N
exports ac,47.63,36.78,47.5,P
two seller,90.69,72.57,124.23,N
telecoms f,49.21,14.21,76.82,N
lithuanian,89.99,79.14,70.85,P
sal comp m,48.07,68.33,85.65,N
talent um ,144.22,127.24,136.18,P
emissions ,26.88,28.71,55.64,N
invention ,10.82,20.88,46.44,N
company ma,26.14,16.4,26.22,N
albata sol,73.54,58.43,95.51,N
growth str,68.29,21.32,51.84,P
jura haapa,24.19,30.09,61.87,N
service al,50.36,22.75,92.61,N
manufactur,52.19,39.23,96.16,N
unit clien,58.67,31.19,82.69,N
reductions,15.14,0.25,22.52,N
commission,31.75,30.09,42.56,N
broker sta,60.46,21.84,106.89,N
tie latvia,88.34,59.22,115.92,N
swedish fi,90.48,94.76,109.55,N
company sp,45.35,35.39,99.37,N
finnish el,156.45,107.06,116.38,P
based firs,151.55,186.5,172.0,N
according ,41.36,47.13,61.54,N
expensive ,19.73,29.74,32.25,N
total scop,48.9,35.35,54.43,N
report cha,36.29,22.75,38.64,N
order rela,33.62,23.16,40.03,N
pilocarpin,30.6,25.52,45.68,N
january ep,66.8,26.01,46.44,P
operating ,46.53,48.42,64.54,N
financial ,13.0,13.62,24.4,N
total new ,78.63,85.06,114.69,N
argentine ,55.85,38.03,100.02,N
upmkymmene,74.51,38.42,97.37,N
continued ,110.64,21.34,108.92,P
operating ,42.98,44.99,55.37,N
stock pric,69.55,42.87,46.4,P
finnish sc,115.56,123.45,126.4,N
raisin div,30.26,8.45,33.57,N
loti angel,81.58,37.6,159.96,N
facility s,48.71,38.31,87.05,N
defenses m,39.11,15.82,208.77,N
video mari,37.61,0.25,87.0,N
order inta,83.85,46.19,52.21,P
according ,34.96,30.09,49.08,N
sellers os,18.34,12.37,48.27,N
internatio,27.86,22.35,27.14,P
ramirez ne,103.16,98.97,113.73,N
last year ,37.22,37.6,46.5,N
needed pro,36.97,22.75,46.93,N
recovery b,58.71,35.11,56.51,P
order also,55.53,22.06,62.25,N
according ,65.6,49.17,56.22,P
stable out,134.93,53.44,92.91,P
satsuma tr,34.84,21.84,60.69,N
payment mi,76.49,128.06,101.37,N
company he,37.15,31.18,44.14,N
according ,83.72,106.59,86.55,N
includes r,42.6,44.92,44.11,N
riots arty,53.99,43.88,122.73,N
earlier to,110.27,155.59,121.3,N
aim develo,42.99,6.53,40.74,P
would huge,21.15,14.72,18.4,P
also latvi,46.15,28.88,56.01,N
group net ,34.92,38.28,34.3,N
solute pl ,82.03,84.62,102.31,N
carom head,45.48,36.68,82.7,N
november g,31.79,41.71,36.46,N
process pr,83.64,60.61,116.22,N
car dona s,37.1,15.82,68.32,N
finnish me,112.01,72.01,105.4,P
jar mo hoh,101.93,45.94,74.09,P
decision r,58.05,14.31,89.72,N
maximum gr,33.39,29.98,128.43,N
operating ,26.5,23.53,37.58,N
expansion ,24.2,11.16,25.51,N
company pr,21.16,22.02,22.44,N
ruskin ord,38.79,28.28,32.86,P
helsinki o,107.5,101.56,125.28,N
deal subje,29.52,23.16,41.52,N
svyturysut,107.25,79.26,72.88,P
end last w,72.88,62.74,105.98,N
economic o,48.73,22.12,42.43,P
finnish fo,42.77,52.12,44.72,N
re pension,47.9,19.44,80.14,N
orders als,41.16,29.57,60.06,N
shares sta,112.63,33.3,90.18,P
operating ,47.4,49.08,62.17,N
thanks int,54.11,65.39,50.09,N
target com,126.91,88.24,165.86,N
price raw ,68.33,41.89,57.48,P
significan,158.3,29.69,93.07,P
current ye,53.68,46.46,51.79,P
ssh commun,31.49,41.6,39.35,N
tit lodged,89.36,144.07,102.59,N
financial ,34.57,37.45,48.93,N
company ad,42.08,38.69,49.86,N
net sales ,27.75,40.22,33.64,N
forum prev,37.32,23.16,71.31,N
new system,72.66,65.05,170.4,N
fore resul,87.04,70.14,66.84,P
according ,81.31,57.56,68.18,P
mare sport,69.13,44.66,89.29,N
glassily a,71.39,79.31,84.8,N
prolix mil,14.33,15.97,22.02,N
gujaratis ,94.38,92.84,79.13,P
headquarte,53.54,50.48,83.92,N
operating ,42.78,44.97,56.5,N
vituline m,42.69,14.31,93.2,N
pretax pro,37.14,35.23,54.24,N
total valu,33.08,30.06,28.87,P
estimated ,39.78,29.26,38.57,P
borrower h,52.57,13.91,27.88,P
rm raki st,45.54,39.51,76.79,N
plumbing b,18.51,30.16,48.65,N
dividend p,34.6,14.43,39.91,N
financial ,59.99,67.79,60.94,N
program st,54.92,21.43,56.22,N
well devic,35.2,30.79,45.55,N
jon lifebe,55.91,30.79,91.48,N
ocker cran,45.49,7.38,135.72,N
earnings p,39.88,39.07,48.46,N
reporting ,36.28,34.52,34.08,P
sellers in,44.49,37.09,49.87,N
extremadur,51.81,48.8,94.54,N
split numb,25.81,26.64,26.89,N
tanks deli,40.39,20.02,73.5,N
operating ,29.43,34.74,41.1,N
efficiency,145.98,89.59,122.56,P
subscriber,98.83,89.06,145.94,N
finnish co,142.64,91.49,116.43,P
finnish co,53.96,63.73,56.93,N
plants gro,42.63,31.88,64.43,N
total surv,44.73,31.44,64.02,N
method sme,21.8,7.78,99.01,N
growth net,41.75,42.59,48.39,N
profit acc,21.9,23.64,27.01,N
pretax pro,49.87,51.7,56.35,N
name buyer,7.46,0.25,19.58,N
preliminar,28.58,7.09,48.01,N
operating ,35.6,33.52,51.13,N
deal know ,31.52,42.83,50.41,N
motorola a,89.05,73.78,130.0,N
company cl,45.26,41.93,44.24,P
almost two,41.11,37.66,54.96,N
may compan,70.4,42.23,86.87,N
finnish in,70.11,82.4,82.01,N
audio webc,23.63,7.78,64.39,N
estimated ,38.32,43.77,45.06,N
outvote sc,62.5,55.58,105.11,N
newspeak e,96.65,148.23,125.2,N
affect pro,104.23,74.89,156.15,N
office spa,21.44,15.82,58.24,N
order valu,18.91,13.33,18.87,P
brassware ,40.55,22.75,68.02,N
previously,58.42,47.28,54.56,P
rap ala va,95.57,22.19,114.83,N
burin says,37.0,14.9,49.58,N
earnings p,35.39,32.17,36.01,N
okhotsk ce,43.63,23.16,51.17,N
lt operati,33.07,52.34,45.1,N
proa pl eu,147.0,114.13,163.98,N
alexandria,87.23,61.83,157.36,N
sale savor,86.86,97.64,138.5,N
value orde,25.59,28.42,23.23,N
q company ,90.89,90.45,108.04,N
want credi,14.85,0.25,42.82,N
consumptio,21.28,15.82,23.15,N
reconnoite,126.75,37.72,137.83,N
building c,66.34,48.49,78.94,N
ecu mainly,14.45,7.78,29.55,N
quality ch,63.87,51.68,72.26,N
turbines e,11.59,13.87,26.67,N
february f,123.82,82.33,115.29,P
scantily e,30.57,36.54,35.96,N
contract c,51.48,53.1,85.9,N
company sp,25.73,19.73,45.98,N
elisa said,88.16,54.44,73.97,P
notice ent,69.49,41.82,139.19,N
metro deli,71.51,38.13,75.92,N
one head b,79.96,40.86,125.26,N
speakerpho,72.69,39.43,126.35,N
halogen of,22.94,14.72,53.32,N
company en,89.15,20.83,60.86,P
come decis,32.88,36.14,68.33,N
expected o,5.21,7.09,12.02,N
solidi um ,95.94,93.29,106.36,N
offices wo,50.77,35.77,46.52,P
airline es,86.0,145.32,85.84,N
sal comp j,99.99,122.31,126.72,N
investment,40.64,41.09,48.11,N
net sales ,36.35,38.98,48.13,N
maximum ne,25.54,28.39,53.19,N
work assig,37.2,22.15,47.29,N
repurchase,28.02,21.08,74.46,N
sweden gal,25.0,20.64,57.82,N
profitabil,33.75,35.99,33.85,N
rap ala ai,92.64,36.87,150.15,N
proposed c,29.59,15.41,40.46,N
euro chem ,128.09,48.83,90.23,P
fl group p,62.13,44.42,103.45,N
finnish pr,52.16,39.55,88.3,N
number col,50.7,18.43,26.61,P
new types ,58.49,68.25,157.82,N
rap ala es,68.12,42.83,63.48,P
decisions ,14.29,7.78,30.27,N
sandbank s,48.73,73.06,51.88,N
based hels,54.83,41.82,62.32,N
doppler me,94.39,43.99,125.81,N
original n,99.93,66.45,82.77,P
revivalist,114.91,41.22,157.04,N
transactio,48.57,21.74,50.89,N
rm walden ,39.8,27.52,59.76,N
contract i,41.23,45.76,48.83,N
total revi,66.56,57.35,80.68,N
addition v,116.32,60.61,138.55,N
asset mana,30.53,17.24,52.06,N
creating i,52.02,7.78,143.52,N
first stag,16.6,26.36,44.81,N
noma also ,53.11,43.43,98.17,N
emirate he,78.3,70.69,120.29,N
kaukotelko,50.26,29.18,86.98,N
issues ide,26.28,14.72,63.07,N
finnish pu,122.5,96.39,160.39,N
board dire,64.06,62.23,102.85,N
also cab i,36.17,41.37,53.96,N
casing com,129.32,99.53,199.17,N
official o,21.44,7.78,50.03,N
hawker tak,65.22,36.51,92.17,N
stone soft,50.97,23.85,36.48,P
outsourced,68.66,61.45,133.59,N
nonrecurri,37.61,37.36,47.41,N
implementa,86.76,78.0,86.9,N
financial ,12.15,6.28,22.58,N
turnover r,23.37,21.14,27.97,N
square met,28.47,15.12,68.97,N
authorizat,16.95,27.0,47.14,N
stock hit ,56.1,63.01,49.3,N
sente ship,52.72,66.2,75.29,N
candor ab ,41.11,81.53,57.05,N
addition f,110.19,68.76,72.27,P
inventor i,12.79,13.06,26.8,N
main stren,70.95,38.13,62.56,P
bovine sla,21.62,0.25,61.02,N
sinter pla,51.43,23.85,146.44,N
project al,11.11,22.35,48.12,N
revivalist,65.75,32.31,44.34,P
fourth qua,47.3,53.79,60.26,N
figure inc,50.43,47.09,52.83,N
employees ,96.02,52.65,66.46,P
estonian t,172.15,128.91,146.54,P
serviceabl,21.69,7.38,43.76,N
seven mont,86.78,106.04,92.72,N
bond value,18.53,21.77,31.11,N
rm kristin,63.81,56.78,91.36,N
customers ,41.43,44.66,48.01,N
sale allow,83.78,58.38,122.48,N
sale compr,52.35,47.94,84.66,N
net invest,16.37,18.97,16.71,N
eel board ,58.38,55.87,69.53,N
operating ,64.4,58.91,84.8,N
please inf,39.78,56.55,132.16,N
production,83.93,53.79,96.55,N
overall re,106.12,34.75,85.57,P
almost ent,27.59,23.04,39.4,N
constructi,46.96,28.0,39.98,P
completed ,29.42,15.41,43.28,N
according ,54.67,37.11,56.31,N
noma annou,26.44,29.98,37.73,N
operating ,56.37,57.9,76.81,N
result tra,34.68,29.53,59.92,N
profit tax,29.06,35.16,44.74,N
stead base,43.53,30.79,79.09,N
according ,76.26,43.43,68.48,P
markets al,52.36,58.26,70.11,N
around red,14.63,7.78,35.69,N
annual rep,60.39,56.91,78.06,N
electricit,31.76,14.43,44.94,N
nokia mess,44.73,29.98,101.15,N
finnish li,154.88,98.33,113.01,P
previous o,20.21,13.4,30.41,N
include so,86.95,86.56,120.28,N
russian me,48.36,42.63,96.58,N
reporting ,148.92,43.05,131.06,P
also turne,63.6,63.21,57.69,P
ministry w,172.94,39.92,92.52,P
finnish gl,109.42,110.78,111.85,N
comparable,38.71,45.73,51.13,N
odell cont,12.34,5.64,32.3,N
newly comp,44.86,27.07,114.27,N
cost deal ,67.29,45.86,82.66,N
stor ens b,65.18,65.18,65.81,N
currently ,42.25,30.23,64.54,N
formation ,148.99,83.04,111.87,P
gean ford ,35.39,92.26,36.36,N
stannary a,124.9,57.51,85.66,P
memetic cl,73.16,57.79,97.3,N
company pl,29.8,26.16,80.71,N
firm servi,61.75,27.78,91.03,N
fcc chairm,77.98,36.54,133.03,N
new activi,17.5,36.92,30.25,N
uncap expe,27.97,22.32,27.25,P
operating ,36.67,38.66,49.42,N
board esta,59.83,31.19,147.03,N
rareness m,35.07,22.24,42.67,N
repair mai,49.67,30.96,45.55,P
demand fir,48.6,49.33,40.57,N
company di,36.57,33.2,40.97,N
showcase e,63.28,21.77,119.41,N
operating ,28.06,23.53,29.36,N
hosting mo,55.34,37.84,112.49,N
neverthele,59.38,22.35,78.41,N
correspond,24.05,26.05,40.81,N
company bo,75.7,66.41,76.61,N
company pr,35.08,36.43,30.66,N
operating ,39.42,39.27,49.25,N
motorola i,106.44,90.95,142.9,N
period sal,49.41,68.04,58.81,N
webmaster ,35.27,14.72,104.42,N
customers ,26.73,21.65,99.62,N
operating ,21.92,23.53,29.36,N
name newsp,44.31,45.35,61.31,N
according ,107.22,70.19,123.48,N
fair value,81.39,88.48,80.12,N
activities,43.13,21.94,57.85,N
previously,37.5,28.39,37.68,N
albata sol,113.75,99.09,187.84,N
stockholm ,89.34,71.3,124.34,N
names yet ,0.62,15.82,21.77,N
humankind ,102.8,100.12,118.63,N
atria also,55.45,28.27,82.89,N
trade acco,26.14,20.84,30.17,N
altogether,14.45,36.18,23.44,N
company ex,31.93,28.46,43.91,N
product po,26.91,15.41,73.36,N
net intere,35.71,41.68,45.42,N
rm kr sama,53.48,37.03,78.35,N
romeo twos,52.23,54.49,74.86,N
insurance ,5.85,7.09,22.83,N
provide he,37.79,15.41,50.59,N
constructi,71.16,63.19,61.48,P
brassware ,99.38,53.5,133.32,N
annual rep,42.67,44.74,62.3,N
europe nee,41.3,22.06,38.78,P
dirk jones,148.73,50.69,104.92,P
adams esta,59.01,64.55,100.35,N
finnish go,124.72,100.06,105.12,P
replay ava,43.34,21.09,77.69,N
objective ,50.2,33.09,53.58,N
storefront,3.48,4.76,62.87,N
alpha grou,28.77,41.2,54.09,N
aero katab,62.41,50.32,87.5,N
net income,102.66,79.03,118.88,N
estimated ,47.38,50.2,74.67,N
hull vesse,56.54,45.76,88.41,N
conference,22.25,0.25,92.6,N
finland la,63.94,61.74,99.94,N
unit costs,38.69,31.6,31.97,P
bertrand s,44.04,46.34,62.79,N
cognomen s,101.17,37.72,121.2,N
insurance ,29.91,25.85,31.14,N
finnish fo,48.8,38.23,66.22,N
aim ceo qa,64.48,37.57,75.5,N
soon colli,14.85,0.25,21.93,N
difference,37.8,32.98,67.43,N
biggest se,34.22,35.87,84.6,N
first quar,53.24,43.64,64.25,N
sales finl,49.1,68.65,68.74,N
total floo,34.9,22.46,43.07,N
profit per,26.55,28.52,37.8,N
value mult,23.23,19.23,32.81,N
operating ,41.28,44.25,48.64,N
finland ho,27.89,48.33,43.18,N
marketing ,51.24,38.82,60.22,N
blk launch,24.07,18.88,52.26,N
maelstrom ,16.89,25.18,35.63,N
net profit,20.64,23.43,25.06,N
potential ,83.07,47.11,107.18,N
absolute b,5.26,6.28,37.89,N
company pr,16.66,27.36,54.44,N
group post,52.83,57.83,57.87,N
devices wo,34.91,22.72,46.5,N
earnings p,35.25,38.5,34.51,N
group loya,56.7,69.48,98.21,N
emirate pa,41.45,31.48,45.89,N
finnish so,101.42,100.57,111.09,N
investment,81.3,23.85,75.33,P
servicewom,35.72,14.72,56.76,N
contract i,25.14,13.51,42.52,N
following ,54.33,58.06,59.77,N
finesses e,53.06,79.99,73.9,N
lollipop a,38.55,23.85,69.44,N
systematis,64.98,31.25,39.98,P
profit tax,55.81,64.05,78.7,N
months ago,55.98,58.13,112.18,N
pretax pro,31.25,27.75,31.25,P
combined v,27.3,30.18,26.7,N
shares sub,28.51,20.64,44.24,N
operating ,35.6,33.52,51.13,N
polacca co,43.6,23.44,54.51,N
report exa,98.76,48.61,100.1,N
company em,68.1,56.61,58.65,P
helsinki f,74.17,41.4,129.74,N
bank leasi,54.7,42.14,63.18,N
iso certif,59.15,7.38,52.07,P
megawatt w,27.53,22.35,84.22,N
share tran,42.18,41.67,59.58,N
market mak,23.92,19.76,36.24,N
com possib,4.63,6.68,28.16,N
january fi,155.69,77.25,114.13,P
sharon net,23.43,18.56,33.42,N
point spre,12.31,6.68,36.61,N
food trade,28.0,35.57,27.57,N
paper mill,42.11,14.72,61.69,N
initial es,49.4,35.98,52.35,N
net sales ,36.84,35.72,41.34,N
fixed acqu,57.32,56.12,75.1,N
noma news ,29.26,36.48,38.16,N
stokes off,53.96,15.0,78.87,N
rally auth,20.74,14.21,83.26,N
annual gen,115.8,113.1,126.01,N
measures r,55.07,42.89,71.6,N
lama media,83.44,65.38,124.82,N
neither co,12.59,15.12,51.29,N
six agreem,85.2,38.49,93.9,N
payment da,6.77,14.31,19.46,N
pretax pro,28.03,25.24,40.69,N
bank poste,23.56,32.95,34.17,N
aim annual,61.73,53.6,64.82,N
economic d,139.2,96.06,185.51,N
company re,9.55,12.8,48.98,N
runway vis,15.55,7.78,67.52,N
number cus,41.37,37.21,57.07,N
amount inc,7.46,15.82,29.95,N
filter use,21.76,15.82,73.39,N
following ,47.93,28.96,78.35,N
action fol,85.42,57.42,103.62,N
payment sh,5.76,14.11,32.1,N
time profi,42.28,46.88,38.04,N
demeanor c,19.48,22.75,33.85,N
apart deme,49.12,37.32,88.08,N
finnish ra,48.72,34.25,84.48,N
contract a,16.64,27.67,40.61,N
iso omens ,33.3,44.71,73.95,N
lateen ame,80.98,64.73,95.12,N
adp news n,150.15,107.92,129.14,P
diluted ea,35.25,47.14,36.01,N
financial ,21.49,22.35,16.96,N
merger ump,28.81,29.46,51.04,N
sandbank h,32.98,43.99,73.7,N
orion net ,65.19,74.6,82.17,N
operating ,64.4,58.91,84.8,N
net sales ,22.81,31.23,35.06,N
talks invo,47.45,30.66,66.0,N
savings fu,28.5,14.72,28.58,N
inventors ,0.62,0.25,57.01,N
ump talkin,103.25,93.89,114.99,N
july marke,46.23,28.01,56.4,N
surabaja d,50.26,53.5,149.68,N
demeanor b,58.22,57.16,49.24,P
pertinent ,13.94,22.19,65.81,N
tightened ,69.96,78.82,64.82,N
fine print,15.14,7.78,14.3,P
public ser,25.88,14.72,21.07,P
price kroo,12.69,37.72,52.78,N
company sa,74.39,49.23,59.87,P
recent int,79.64,70.22,140.26,N
deal inclu,60.68,50.55,75.83,N
valet auto,44.62,39.07,61.58,N
finnish li,104.71,94.36,109.15,N
net income,86.39,69.04,105.33,N
operating ,21.92,28.4,37.58,N
employer t,20.05,15.82,82.55,N
performanc,12.43,14.31,28.53,N
takeover c,65.2,27.1,56.07,P
tower engi,82.54,22.53,190.18,N
national s,34.52,23.04,110.2,N
options mi,14.45,6.39,55.77,N
order incl,36.2,41.91,44.82,N
inventors ,7.46,0.25,56.1,N
amanda cap,59.43,38.31,66.44,N
inlet atom,158.16,61.37,108.34,P
process te,71.91,81.19,95.31,N
second qua,32.7,44.57,44.07,N
report ema,25.32,29.18,37.08,N
earnings p,28.55,37.05,36.01,N
complete n,64.6,65.94,117.13,N
huge bridg,41.91,13.68,52.39,N
location m,113.38,38.13,79.58,P
size cider,15.14,6.68,37.44,N
risk expos,118.86,63.6,160.05,N
time nokia,36.06,19.9,97.5,N
mn pretax ,36.85,39.3,49.38,N
porphyry n,28.73,23.77,44.86,N
estimated ,84.5,79.89,110.2,N
estonia ag,38.02,23.77,101.05,N
